Location,Burrito,Date,Neighborhood,Address,URL,Yelp,Google,Chips,Cost,Hunger,Mass (g),Density (g/mL),Length,Circum,Volume,Tortilla,Temp,Meat,Fillings,Meat:filling,Uniformity,Salsa,Synergy,Wrap,overall,Rec,Reviewer,Notes,Unreliable,NonSD,Beef,Pico,Guac,Cheese,Fries,Sour cream,Pork,Chicken,Shrimp,Fish,Rice,Beans,Lettuce,Tomato,Bell peper,Carrots,Cabbage,Sauce,Salsa,Cilantro,Onion,Taquito,Pineapple,Ham,Chile relleno,Nopales,Lobster,Queso,Egg,Mushroom,Bacon,Sushi,Avocado,Corn,Zucchini
Albertacos,California ,6/8/16,San Marcos,500 W San Marcos Blvd # 103,https://www.yelp.com/biz/albertacos-san-marcos,3.5,3.9,0,5.7,3.5,,,20.5,21.5,0.75,3.5,3,3,4,1.5,4,4,4,4,3.7,Yes,Scott,,0,0,1,1,1,1,1,1,0,0,0,0,0,0,0,0,0,0,0,0,0,0,0,0,0,0,0,0,0,0,0,0,0,0,0,0,0
Albertacos,Carne asada,6/8/16,,,,3.5,3.9,0,5.25,4,,,21,21,0.74,3.5,3,2.8,3.5,4,4,4,3.5,5,3.2,Yes,Emily,,0,0,1,1,1,0,0,0,0,0,0,0,0,0,0,0,0,0,0,0,0,0,0,0,0,0,0,0,0,0,0,0,0,0,0,0,0
"Alberto's 623 N Escondido Blvd, Escondido, CA 92025",Carne Asada,5/5/16,,,,,,0,4.59,4,,,17,21,0.6,4,4,5,5,5,5,5,5,4,4.8,Yes,Chuck K,,1,0,0,0,0,0,0,0,0,0,0,0,0,0,0,0,0,0,0,0,0,0,0,0,0,0,0,0,0,0,0,0,0,0,0,0,0
Burrito Box,Steak with guacamole,12/16/17,,,,,,0,11.5,3.5,,,15,25,0.75,2,2,4,3.5,3,4.5,3.5,4,2,3.5,,Scott,Maybe a little better than chipotle. Or at least more authentic.,0,1,0,0,0,0,0,0,0,0,0,0,0,0,0,0,0,0,0,0,0,0,0,0,0,0,0,0,0,0,0,0,0,0,0,0,0
Burrito Factory,Steak everything ,7/13/17,Austin,2025 Guadalupe St,https://www.yelp.com/biz/burrito-factory-austin,4.5,4.8,0,7.35,3.5,,,17,23,0.72,3.2,3,3.5,3.5,3,3.3,3,3.8,2,3.5,,Scott,,0,1,0,0,0,0,0,0,0,0,0,0,0,0,0,0,0,0,0,0,0,0,0,0,0,0,0,0,0,0,0,0,0,0,0,0,0
Burros and Fries,California,8/12/16,Clairemont,4705 Clairemont Dr,http://www.burrosandfries.com/,3.5,4.1,0,6.89,4,,,21.5,22.5,0.87,3.5,4.5,3.5,3.5,3,1.5,2.5,3.5,5,3.5,Yes,Scott,good fries,0,0,1,1,0,1,1,1,0,0,0,0,0,0,0,0,0,0,0,0,0,0,0,0,0,0,0,0,0,0,0,0,0,0,0,0,0
Burros and Fries,Carne asada,8/12/16,,,,3.5,4.1,0,6.89,5,,,18.5,21,0.65,3,5,4.5,4.5,3,4,4.5,4,4.5,4,Yes,Brent,very little guac,0,0,1,1,1,0,0,0,0,0,0,0,0,0,0,0,0,0,0,0,0,0,0,0,0,0,0,0,0,0,0,0,0,0,0,0,0
Burros and Fries,Shrimp california,6/4/17,,,,3.5,4.1,0,6.99,4,580,0.865671642,21,20,0.67,3,4,4,2.5,2.5,3,3,3,5,3,,Emily,too many fries. Not great,0,0,0,0,0,0,0,0,0,0,0,0,0,0,0,0,0,0,0,0,0,0,0,0,0,0,0,0,0,0,0,0,0,0,0,0,0
Burros and Fries,California,6/4/17,,,,3.5,4.1,0,7.19,3.5,635,0.783950617,21,22,0.81,3.5,4.5,3.5,3.5,3,3.5,4,3.5,5,3.8,,Scott,,0,0,0,0,0,0,0,0,0,0,0,0,0,0,0,0,0,0,0,0,0,0,0,0,0,0,0,0,0,0,0,0,0,0,0,0,0
Caliente Mexican Food,carne asada ,7/6/17,Sorrento Valley,11815 Sorrento Valley Rd,https://www.yelp.com/biz/caliente-mexican-food-san-diego,3.5,4.4,0,5.56,2.5,420,0.617647059,21.5,20,0.68,2.5,3,2.5,3.5,4.5,4.5,3.7,3.3,4.5,3.5,,Scott,,0,0,0,0,0,0,0,0,0,0,0,0,0,0,0,0,0,0,0,0,0,0,0,0,0,0,0,0,0,0,0,0,0,0,0,0,0
Caliente Mexican Food,carne asada ,7/6/17,,,,3.5,4.4,0,5.56,4,,,21,21.5,0.77,4,4,4,3,4,2,4,3,3,4,,Chris G,,0,0,0,0,0,0,0,0,0,0,0,0,0,0,0,0,0,0,0,0,0,0,0,0,0,0,0,0,0,0,0,0,0,0,0,0,0
Caliente Mexican Food,fried fish,7/6/17,,,,3.5,4.4,0,5.56,3.5,,,22.5,19,0.65,3.5,3,,3.5,3,4,4.5,3.5,4,3.5,,Xi,,0,0,0,0,0,0,0,0,0,0,0,0,0,0,0,0,0,0,0,0,0,0,0,0,0,0,0,0,0,0,0,0,0,0,0,0,0
Caliente Mexican Food,California,7/6/17,,,,3.5,4.4,0,6.47,4,,,23,22,0.89,1,2,2,2,3,3,1,2,3,2,,Erik K,,0,0,0,0,0,0,0,0,0,0,0,0,0,0,0,0,0,0,0,0,0,0,0,0,0,0,0,0,0,0,0,0,0,0,0,0,0
California Burrito Company,Dave's California,10/12/16,Miramar,6912 Miramar Rd,https://www.yelp.com/biz/california-burrito-company-san-diego-2,3.5,4.4,0,6.5,4,,,19.5,21,0.68,3,2.5,2.5,3,4,3.5,2.5,3,5,3.3,No,Scott,The burrito looked beautiful when it came out. Chicken didn't add anything. would probably get the regular,0,0,1,0,0,1,1,1,0,1,0,0,0,0,0,0,0,0,0,0,0,0,0,0,0,0,0,0,0,0,0,0,0,0,0,0,0
California Burrito Company,California,10/12/16,,,,3.5,4.4,0,5.5,4,,,20,20,0.64,3.5,5,3,3,3.5,3.5,2,4,5,3.5,Yes,Devleena,,0,0,1,0,0,1,1,1,0,0,0,0,0,0,0,0,0,0,0,0,0,0,0,0,0,0,0,0,0,0,0,0,0,0,0,0,0
California Burrito Company,California,10/12/16,,,,3.5,4.4,0,5.5,2,,,20,23,0.84,3,5,3,4,2,2,2,4.5,4,3.5,Yes,Sankha G,,0,0,1,0,0,1,1,1,0,0,0,0,0,0,0,0,0,0,0,0,0,0,0,0,0,0,0,0,0,0,0,0,0,0,0,0,0
California Burrito Company,Fajitas ,10/18/16,,,,3.5,4.4,0,6.5,3,,,18.5,20.5,0.62,3,4.5,3.5,1.5,1.5,2,3.2,2,4.5,2.2,No,Scott,Peppers not cooked enough,0,0,1,0,0,1,0,0,0,0,0,0,0,0,0,0,0,0,0,0,0,0,1,0,0,0,0,0,0,0,0,0,0,0,0,0,0
California Burrito Company,California ,10/18/16,,,,3.5,4.4,0,5.5,3,,,17,22,0.65,3,4,4.5,3,2,4,4.5,3.5,4.5,3.5,No,Ricardo,Very plain burrito,0,0,0,0,0,0,0,0,0,0,0,0,0,0,0,0,0,0,0,0,0,0,0,0,0,0,0,0,0,0,0,0,0,0,0,0,0
California Burritos,California Everything,4/15/16,Linda Vista,7754 Starling Dr,https://www.yelp.com/biz/california-burritos-san-diego,4.5,4.4,1,6.25,4,,,,,,4.5,4.5,2.5,3.5,3.5,3.5,3,4,5,4.1,Yes,Scott,,0,0,1,1,1,1,1,1,0,0,0,0,0,0,0,0,0,0,0,0,0,0,0,0,0,0,0,0,0,0,0,0,0,0,0,0,0
California Burritos,California Everything,4/15/16,,,,4.5,4.4,0,6.25,3.5,,,,,,4,4,4,2.5,3,3.5,4,4,5,4,No,Brent,Brent doesn't like fries in his burrito,0,0,1,1,1,1,1,1,0,0,0,0,0,0,0,0,0,0,0,0,0,0,0,0,0,0,0,0,0,0,0,0,0,0,0,0,0
California Burritos,California Everything,4/15/16,,,,4.5,4.4,0,6.25,4,,,,,,4,4.5,4.5,5,5,5,4.5,5,5,4.6,Yes,Luis,,0,0,1,1,1,1,1,1,0,0,0,0,0,0,0,0,0,0,0,0,0,0,0,0,0,0,0,0,0,0,0,0,0,0,0,0,0
California Burritos,Chile relleno and carnitas,4/15/16,,,,4.5,4.4,0,6.5,5,,,,,,4.5,5,5,5,5,4,4,5,5,4.7,Yes,Karl,,1,0,0,1,0,1,0,1,1,0,0,0,1,0,0,0,0,0,0,0,0,0,0,0,0,0,1,0,0,0,0,0,0,0,0,0,0
California Burritos,California (only cheese),4/15/16,,,,4.5,4.4,0,6.25,2,,,,,,5,5,5,4,4,2,,5,5,5,Yes,Kalen,,1,0,1,0,0,1,1,0,0,0,0,0,0,0,0,0,0,0,0,0,0,0,0,0,0,0,0,0,0,0,0,0,0,0,0,0,0
California Burritos,California Everything,6/24/16,,,,4.5,4.4,0,6.25,3,,,23.5,21.5,0.86,3.8,1.3,3.5,3.5,4.5,4.5,3.5,4,5,3.9,Yes,Scott,Temperature brought it down,0,0,1,1,1,1,1,0,0,0,0,0,0,0,0,0,0,0,0,0,0,0,0,0,0,0,0,0,0,0,0,0,0,0,0,0,0
California Burritos,California Everything,6/24/16,,,,4.5,4.4,0,6.25,4.5,,,22.5,22,0.87,4,4,4.5,4,4,3.5,4,4,4.5,4.25,Yes,Ricardo,,0,0,1,1,1,1,1,0,0,0,0,0,0,0,0,0,0,0,0,0,0,0,0,0,0,0,0,0,0,0,0,0,0,0,0,0,0
California Burritos,California Everything,6/24/16,,,,4.5,4.4,0,6.25,4,,,22.5,22,0.87,3,2.5,4,4,4,2,2,3,4,4,Yes,Elynn,,0,0,1,1,1,1,1,0,0,0,0,0,0,0,0,0,0,0,0,0,0,0,0,0,0,0,0,0,0,0,0,0,0,0,0,0,0
California Burritos,California Everything,6/24/16,,,,4.5,4.4,0,6.25,3,,,23,22.5,0.93,5,4,4,4.5,4,4.5,,4,4,4.5,Yes,Erin,,0,0,1,1,1,1,1,0,0,0,0,0,0,0,0,0,0,0,0,0,0,0,0,0,0,0,0,0,0,0,0,0,0,0,0,0,0
California Burritos,California Everything,6/24/16,,,,4.5,4.4,0,6.25,4,,,,,,4,3.5,4.5,4,4.5,4,4.5,4.5,5,4.5,Yes,Luis,,0,0,1,1,1,1,1,0,0,0,0,0,0,0,0,0,0,0,0,0,0,0,0,0,0,0,0,0,0,0,0,0,0,0,0,0,0
California Burritos,Carnitas,6/24/16,,,,4.5,4.4,0,5.5,4.5,,,21.5,20,0.68,5,4,5,4,4.5,4,4,4.5,4,4.5,Yes,Matteo,,0,0,0,0,1,0,0,0,1,0,0,0,0,0,0,0,0,0,0,0,0,0,0,0,0,0,0,0,0,0,0,0,0,0,0,0,0
California Burritos,Carne asada everything,6/24/16,,,,4.5,4.4,0,6.25,3,,,23,23,0.97,4,3,4,3,4,3,3,4,4,4,Yes,Brent,,0,0,1,1,1,1,0,1,0,0,0,0,0,0,0,0,0,0,0,0,0,0,0,0,0,0,0,0,0,0,0,0,0,0,0,0,0
California Burritos,Carne asada everything,6/24/16,,,,4.5,4.4,0,6.25,4.5,,,21.5,20.5,0.72,4,5,4.5,4,4.5,4,3,4,5,4.5,Yes,Daniel,,0,0,1,1,1,1,0,1,0,0,0,0,0,0,0,0,0,0,0,0,0,0,0,0,0,0,0,0,0,0,0,0,0,0,0,0,0
California Burritos,Carne asada everything,6/24/16,,,,4.5,4.4,0,6.25,5,,,23,21.5,0.85,4,3,5,4,4,4,5,5,3,4.2,Yes,Alejandro,,0,0,1,1,1,1,0,1,0,0,0,0,0,0,0,0,0,0,0,0,0,0,0,0,0,0,0,0,0,0,0,0,0,0,0,0,0
California Burritos,California Everything,8/1/16,,,,4.5,4.4,0,6.25,4,,,22,20.8,0.76,4,4,3.5,4,3,4,4,3.5,4.5,3.75,Yes,Ricardo,,0,0,1,1,1,1,1,0,0,0,0,0,0,0,0,0,0,0,0,0,0,0,0,0,0,0,0,0,0,0,0,0,0,0,0,0,0
California Burritos,California Everything,8/1/16,,,,4.5,4.4,0,6.25,4,,,22.5,21.5,0.83,3,2,4,5,4,4,3,4,3,4,Yes,Elynn,,0,0,1,1,1,1,1,0,0,0,0,0,0,0,0,0,0,0,0,0,0,0,0,0,0,0,0,0,0,0,0,0,0,0,0,0,0
California Burritos,California Everything,8/1/16,,,,4.5,4.4,0,6.25,4,,,23,21.5,0.85,4,3.5,3.5,4,3.5,4,3.5,4,4.5,4,Yes,Matteo,,0,0,1,1,1,1,1,0,0,0,0,0,0,0,0,0,0,0,0,0,0,0,0,0,0,0,0,0,0,0,0,0,0,0,0,0,0
California Burritos,California Everything,8/1/16,,,,4.5,4.4,0,6.25,3.5,,,21,22.5,0.85,3.5,2,3,3.5,3.5,2.5,2.5,3.5,4.5,3.4,Yes,Scott,,0,0,1,1,1,1,1,0,0,0,0,0,0,0,0,0,0,0,0,0,0,0,0,0,0,0,0,0,0,0,0,0,0,0,0,0,0
California Burritos,California Everything,8/1/16,,,,4.5,4.4,0,6.25,3,,,22.5,21,0.79,4,4,4.5,5,4.75,5,4,4.5,4.5,0,Yes,Aga,,0,0,1,1,1,1,1,0,0,0,0,0,0,0,0,0,0,0,0,0,0,0,0,0,0,0,0,0,0,0,0,0,0,0,0,0,0
California Burritos,Surf & Turf,8/1/16,,,,4.5,4.4,0,7,4.31,,,,,,3,2.5,3.5,3,3.5,4,3,3,4,0,Yes,Hannah,,0,0,0,0,0,0,0,0,0,0,0,0,0,0,0,0,0,0,0,0,0,0,0,0,0,0,0,0,0,0,0,0,0,0,0,0,0
California Burritos,Carne asada everything,8/1/16,,,,4.5,4.4,0,6.25,4.5,,,22,20,0.7,4.5,4,4,4.5,4,4,4.5,4.5,4,4,Yes,Brent,,0,0,1,1,1,1,0,1,0,0,0,0,0,0,0,0,0,0,0,0,0,0,0,0,0,0,0,0,0,0,0,0,0,0,0,0,0
California Burritos,California Everything,10/17/16,,,,4.5,4.4,0,6.95,4,,,22,23,0.93,4,2,4,3,4,5,3,3,4,4,yes,Elynn,,0,0,0,0,0,0,0,0,0,0,0,0,0,0,0,0,0,0,0,0,0,0,0,0,0,0,0,0,0,0,0,0,0,0,0,0,0
California Burritos,Surf & Turf,10/17/16,,,,4.5,4.4,0,7,4,,,22.5,21,0.79,3,3,3.5,4,4,3,3,4,3.5,5,,Hannah,,0,0,0,0,0,0,0,0,0,0,0,0,0,0,0,0,0,0,0,0,0,0,0,0,0,0,0,0,0,0,0,0,0,0,0,0,0
California burritos,California everything,4/7/17,,,,4.5,4.4,0,6.5,4.5,520,0.626506024,22.5,21.5,0.83,4.5,3,3.5,4.5,3.5,4,3.5,4.3,4.3,4.1,,Scott,,0,0,0,0,0,0,0,0,0,0,0,0,0,0,0,0,0,0,0,0,0,0,0,0,0,0,0,0,0,0,0,0,0,0,0,0,0
California burritos,California everything,4/7/17,,,,4.5,4.4,0,6.5,4,476,0.56,23,21.5,0.85,4,3.5,4.5,4,3.5,4.5,4,4,4.5,4,,Ricardo,,0,0,0,0,0,0,0,0,0,0,0,0,0,0,0,0,0,0,0,0,0,0,0,0,0,0,0,0,0,0,0,0,0,0,0,0,0
California burritos,California everything mini,4/7/17,,,,4.5,4.4,0,4.75,4,,,18,17,0.41,4,4,4.5,4.3,4.5,4.5,4.8,4.8,5,4.5,,Luis,,0,0,0,0,0,0,0,0,0,0,0,0,0,0,0,0,0,0,0,0,0,0,0,0,0,0,0,0,0,0,0,0,0,0,0,0,0
California burritos,Surf & Turf,4/7/17,,,,4.5,4.4,0,6.75,4,560,0.565656566,24.5,22.5,0.99,4,4,4,3.5,3.5,3,2,3.5,3.5,3.5,,Hannah,,0,0,0,0,0,0,0,0,0,0,0,0,0,0,0,0,0,0,0,0,0,0,0,0,0,0,0,0,0,0,0,0,0,0,0,0,0
California burritos,California everything,4/7/17,,,,4.5,4.4,0,6.5,4,,,21.3,23.8,0.96,3,3,4,4,4,4,3,4,4,4,,Clark,,0,0,0,0,0,0,0,0,0,0,0,0,0,0,0,0,0,0,0,0,0,0,0,0,0,0,0,0,0,0,0,0,0,0,0,0,0
California burritos,Surf & Turf,4/7/17,,,,4.5,4.4,0,6.75,4,,,,,,3,5,5,,,5,,4,5,4.5,,Justin C,,0,0,0,0,0,0,0,0,0,0,0,0,0,0,0,0,0,0,0,0,0,0,0,0,0,0,0,0,0,0,0,0,0,0,0,0,0
Cancun Mexican & Seafood,California,3/20/16,Encinitas,1766 N Coast Hwy,http://cancunmexicanandseafood.com/,4.5,4.1,1,6.99,4,,,,,,4,4.5,4,3.5,4,2.5,2,4,4,4.2,,Scott,A bit small,0,0,1,0,0,1,1,1,0,0,0,0,0,0,0,0,0,0,0,0,0,0,0,0,0,0,0,0,0,0,0,0,0,0,0,0,0
Cancun Mexican & Seafood,Machaca,3/20/16,,,,4.5,4.1,0,5.99,3,,,,,,4,3.5,3.5,4,3.5,3.5,2,3.5,0.5,3.9,,Emily,So hot! Egg is surprisingly good,0,0,1,0,0,0,0,0,0,0,0,0,0,0,0,0,0,0,0,0,0,0,1,0,0,0,0,0,0,0,1,0,0,0,0,0,0
Cancun Mexican & Seafood,Adobada,9/9/16,,,,4.5,4.1,0,6.45,3,,,19.5,21.5,0.72,4,5,3.5,3,3.5,3.5,4,2.5,4,3.5,Yes,Scott,Free salad,0,0,0,0,1,0,0,0,1,0,0,0,0,0,0,0,0,0,0,0,0,1,1,0,0,0,0,0,0,0,0,0,0,0,0,0,0
Cancun Mexican & Seafood,California,9/9/16,,,,4.5,4.1,0,6.99,4,,,19.5,22,0.75,3,4.5,4,4,3.5,3,4,4,5,4,Yes,Emily,,0,0,1,0,0,1,1,1,0,0,0,0,0,0,0,0,0,0,0,0,0,0,0,0,0,0,0,0,0,0,0,0,0,0,0,0,0
Cancun Mexican & Seafood,California ,11/17/16,,,,4.5,4.1,0,6.99,4.3,,,,,,4.8,5,4,4.4,5,4,4.3,4.3,5,4.5,Yes,Scott,Sour cream is surprisingly good. Avocado salsa works very well on the burrito,0,0,1,0,0,1,1,1,0,0,0,0,0,0,0,0,0,0,0,0,0,0,0,0,0,0,0,0,0,0,0,0,0,0,0,0,0
Cancun Mexican & Seafood,California ,11/17/16,,,,4.5,4.1,0,6.99,4,,,,,,4.5,4.5,4,4.5,4,4,3.5,4.5,5,4.5,Yes,Emily,,0,0,1,0,0,1,1,1,0,0,0,0,0,0,0,0,0,0,0,0,0,0,0,0,0,0,0,0,0,0,0,0,0,0,0,0,0
Carmen's Mexican Food,Adobada,8/19/16,Clairemont,4937 Diane Ave,https://www.yelp.com/biz/carmens-authentic-mexican-food-san-diego,4,4.2,0,6.5,3.5,,,20.5,20.5,0.69,2.5,4,3.5,4,4,3,1.5,3.5,5,3.6,Yes,Scott,really good guac,0,0,0,0,1,0,0,0,1,0,0,0,0,1,0,0,0,0,0,0,0,1,1,0,0,0,0,0,0,0,0,0,0,0,0,0,0
Carmen's Mexican Food,Carne asada,8/19/16,,,,4,4.2,0,6.5,5,,,21,21,0.74,4.5,4.5,3.5,4,4,3.5,4,4,4,4,Yes,Brent,,0,0,1,1,1,0,0,0,0,0,0,0,0,0,0,0,0,0,0,0,0,0,0,0,0,0,0,0,0,0,0,0,0,0,0,0,0
Chili Peppers,Surf & Turf,5/28/16,,,,,,0,9.43,0,,,,,,4,5,5,5,5,5,5,5,5,5,Yes,Chris H,,1,0,0,0,0,0,0,0,0,0,0,0,0,0,0,0,0,0,0,0,0,0,0,0,0,0,0,0,0,0,0,0,0,0,0,0,0
Chipotle,Custom,5/22/16,,,,,,0,7,3.5,,,,,,3,,5,3,3,4,4,4,4,4,Yes,Gurkirat S,,1,0,0,0,0,0,0,0,0,0,0,0,0,0,0,0,0,0,0,0,0,0,0,0,0,0,0,0,0,0,0,0,0,0,0,0,0
Chipotle,Carnitas,9/13/16,Carlsbad,2505 Palomar airport Rd,https://www.yelp.com/biz/chipotle-mexican-grill-carlsbad,3,4.2,0,7.15,4,,,16.5,26.5,0.92,2.5,2.5,3,2.8,2.5,3.5,,3,3.5,2.75,Yes,Emily,,0,0,0,1,0,0,0,1,1,0,0,0,1,1,0,0,0,0,0,0,0,0,0,0,0,0,0,0,0,0,0,0,0,0,0,1,0
Colima's ,Colimas burrito,5/31/16,,,,,,1,8.25,4,,,,,,5,5,5,5,5,5,,5,4.5,4.9,Yes,Brian,,1,0,0,0,0,0,0,0,0,0,0,0,0,0,0,0,0,0,0,0,0,0,0,0,0,0,0,0,0,0,0,0,0,0,0,0,0
Colima's Mexican Food,Hawaiian,3/3/16,North park,2302 University Ave,https://www.yelp.com/biz/colimas-mexican-food-san-diego,4,4.2,0,6.29,3.5,,,,,,3.5,5,4,4,3.5,4.5,3.5,3.5,4,4,,Scott,,0,0,0,0,0,1,0,0,1,0,0,0,0,0,0,0,0,0,0,0,0,0,0,0,1,1,0,0,0,0,0,0,0,0,0,0,0
Colima's Mexican Food,Bandido,3/3/16,,,,4,4.2,0,6.49,4.5,,,,,,3,5,4,4,5,4,2.5,4.5,4,4,,Sage,,0,0,1,0,0,0,0,0,0,0,0,0,1,1,0,0,0,0,0,1,0,0,0,0,0,0,1,0,0,0,0,0,0,0,0,0,0
Colima's Mexican Food,Bandido,3/3/16,,,,4,4.2,0,6.49,4.5,,,,,,3,4.5,3.5,3.5,3.5,3,3,3,4,3,,Eli,Promising start but finished poorly,0,0,1,0,0,0,0,0,0,0,0,0,1,1,0,0,0,0,0,1,0,0,0,0,0,0,1,0,0,0,0,0,0,0,0,0,0
Cortez Mexican Food,California ,10/7/16,Bonsall,5517 Mission Rd,https://www.yelp.com/biz/cortez-mexican-food-bonsall,4.2,4,0,6.25,4,,,22.5,18,0.58,3.5,4,2.5,3,1.5,2.5,2.5,2.8,5,3.2,No,Scott ,,0,0,1,1,1,1,1,1,0,0,0,0,0,0,0,0,0,0,0,0,0,0,0,0,0,0,0,0,0,0,0,0,0,0,0,0,0
Cotixan,California,2/23/17,Clairemont,4370 Genessee Ave,https://www.yelp.com/biz/cotixan-mexican-and-seafood-san-diego,4,4,0,7.19,4.5,,,20,24,0.92,4,2,3,3.8,3.5,2,4,4,4,3.5,,Scott,,0,0,0,0,0,0,0,0,0,0,0,0,0,0,0,0,0,0,0,0,0,0,0,0,0,0,0,0,0,0,0,0,0,0,0,0,0
Cotixan,California,6/16/17,,,,4,4,0,6.9,4.3,550,0.6875,19,23,0.8,3,3,3.5,3.5,3.5,3.5,3.8,4,5,3.7,,Scott,,0,0,0,0,0,0,0,0,0,0,0,0,0,0,0,0,0,0,0,0,0,0,0,0,0,0,0,0,0,0,0,0,0,0,0,0,0
Don Carlos Taco Shop,California,5/9/17,La Jolla,737 Pearl St,https://www.yelp.com/biz/don-carlos-taco-shop-la-jolla,4,4.5,0,7.75,5,,,18,22.5,0.73,3.5,4.2,3.3,3.7,4,4,2.9,3,5,3.7,,Scott ,,0,0,1,1,0,1,1,1,0,0,0,0,0,0,0,0,0,0,0,0,0,0,0,0,0,0,0,0,0,0,0,0,0,0,0,0,0
Don Carlos Taco Shop,California,5/9/17,,,,4,4.5,0,7.75,2.5,,,20,22.5,0.81,4,4,2.6,3.6,4,4,3.6,4,4,2.9,,Luis,,0,0,1,1,0,1,1,1,0,0,0,0,0,0,0,0,0,0,0,0,0,0,0,0,0,0,0,0,0,0,0,0,0,0,0,0,0
Donato's taco shop,California ,1/18/16,Miramar,6780 Miramar Rd,http://donatostacoshop.net/,3.5,4.2,0,6.49,3,,,,,,3,5,3,3.5,4,4,4,4,4,3.8,,Scott,good fries: 4/5,0,0,1,1,1,1,1,0,0,0,0,0,0,0,0,0,0,0,0,0,0,0,0,0,0,0,0,0,0,0,0,0,0,0,0,0,1
Donato's Taco Shop,Al pastor ,11/1/16,,,,3.5,4.2,0,5.99,4,,,19.5,21.5,0.72,3,4.5,3.7,2.8,5,4.5,3,2.3,4.5,3,No,Scott,,0,0,0,1,1,0,0,0,1,0,0,0,0,0,0,0,0,0,0,0,0,0,0,0,0,0,0,0,0,0,0,0,0,0,0,0,0
Donato's Taco Shop,Carne asada,11/1/16,,,,3.5,4.2,0,5.99,2,,,21,23.5,0.92,2,4,4.5,4,4,3,4,4,2,4,Yes,Elynn,,0,0,1,1,1,0,0,0,0,0,0,0,0,0,0,0,0,0,0,0,0,0,0,0,0,0,0,0,0,0,0,0,0,0,0,0,0
El Cuervo,California ,9/22/16,Hillcrest,110 Washington St,https://www.yelp.com/biz/el-cuervo-taco-shop-san-diego,4,4.3,0,6.95,3.5,,,20,21.5,0.74,3.5,3.5,3,4,3,3,4.5,3.5,2,3.6,Yes,Scott,Alfajores dessert and horchata are super good,0,0,1,1,1,1,1,1,0,0,0,0,0,0,0,0,0,0,0,0,0,0,0,0,0,0,0,0,0,0,0,0,0,0,0,0,0
El Cuervo,Pollo adobado,9/22/16,,,,4,4.3,0,5.95,4,,,20.5,20,0.65,3.5,5,4.5,3.5,4,4.5,4.5,4,5,4,Yes,Richard,First burrito I enjoyed from top to bottom,0,0,0,0,1,0,0,0,1,0,0,0,0,0,0,0,0,0,0,0,0,0,0,0,0,0,0,0,0,0,0,0,0,0,0,0,0
El Dorado Mexican Food,California,6/16/16,Temecula,29000 Old Town Front St,https://www.yelp.com/biz/el-dorado-mexican-food-temecula,4.5,4,0,6.94,4,,,,,,4,4,4,4.5,3.2,3,4.5,4.5,2,4.5,Yes,Scott,Salsa verde has an interesting hint of garlic,0,0,1,0,1,1,1,1,0,0,0,0,0,0,0,0,0,0,0,0,0,0,0,0,0,0,0,0,0,0,0,0,0,0,0,0,0
El Dorado Mexican Food,Super,6/16/16,,,,4.5,4,0,6.94,3.75,,,,,,3.5,3.5,3.5,3.5,4,4,4.5,3.5,4.5,3.8,Yes,Emily,,0,0,1,0,1,1,0,1,0,0,0,0,0,0,0,0,0,0,0,0,1,0,0,0,0,0,0,0,0,0,0,0,0,0,0,0,0
El Dorado Mexican Food,California,5/26/17,,,,4.5,4,0,7.4,3.3,,,19.5,24.5,0.93,5,4,4.2,3.5,2.9,3,4,4,4,4,,Scott,,0,0,0,0,0,0,0,0,0,0,0,0,0,0,0,0,0,0,0,0,0,0,0,0,0,0,0,0,0,0,0,0,0,0,0,0,0
El Dorado Mexican Food,California,5/26/17,,,,4.5,4,0,7.4,3.5,,,19.5,26.5,1.09,4.5,4,4,3.5,3,3,2.5,4,3.8,3.8,,Emily,,0,0,0,0,0,0,0,0,0,0,0,0,0,0,0,0,0,0,0,0,0,0,0,0,0,0,0,0,0,0,0,0,0,0,0,0,0
El Indio,California,3/17/16,San Diego,3695 India St,http://elindiosandiego.com/,3.5,3.9,0,7.84,4,,,,,,4,4,3.5,4,4.5,4,3.5,3.5,4.5,4,,Scott,,0,0,1,0,1,1,1,0,0,0,0,0,0,0,0,0,0,0,0,0,0,0,0,0,0,0,0,0,0,0,0,0,0,0,0,0,0
El Nopalito ,Especial ,6/1/16,Encinitas,582 Santa Fe Dr,https://www.yelp.com/biz/el-nopalito-encinitas,4,4,1,4.87,2,,,19,23.5,0.83,3,4,1.5,2,3,5,3,2.5,5,2.6,No,Scott,"It's pretty good for what it is, but just not the best ingredients for a burrito. also Few white people",0,0,1,0,1,1,0,0,0,0,0,0,1,1,1,0,0,0,0,0,0,0,0,0,0,0,0,0,0,0,0,0,0,0,0,0,0
El Nopalito ,Ranchero steak,6/1/16,,,,4,4,0,4.87,2.5,,,19.5,20.5,0.65,3.5,3,2.5,2.4,3.5,4.5,3,3,1.5,2.6,No,Emily,,0,0,0,0,0,0,0,0,0,0,0,0,0,0,0,0,0,0,0,0,0,0,0,0,0,0,0,0,0,0,0,0,0,0,0,0,0
El Pollo Loco,Chicken avocado,11/27/16,Oceanside,3500 College Blvd,https://www.yelp.com/biz/el-pollo-loco-oceanside-5,3.5,4.1,0,5.99,3.5,,,17.5,21,0.61,2,3,3.8,2.5,2.5,3,2.5,3,2.6,3.2,No,Scott,,0,0,0,0,1,0,0,0,0,1,0,0,0,0,0,0,0,0,1,0,0,1,0,0,0,0,0,0,0,0,0,0,0,0,0,0,0
El Portal Fresh Mexican Grill,Mahi,11/6/16,Clairemont,4101 Genesee Ave,https://www.yelp.com/biz/el-portal-fresh-mexican-grill-san-diego,4,4.4,1,7.35,2.3,,,19.5,23.5,0.86,4,4,3.5,2,1.5,2,2,3,1.2,3.1,No,Scott,,0,0,0,0,1,0,0,0,0,0,0,1,0,0,0,0,0,0,1,0,0,0,0,0,0,0,0,0,0,0,0,0,0,0,0,0,0
El Portal Fresh Mexican Grill,Carnitas,11/6/16,,,,4,4.4,0,6.7,3.75,,,18,22.5,0.73,3.5,4,4,3,3.75,4,3,3.5,4.5,3.75,Yes,Emily,,0,0,0,1,1,0,0,0,1,0,0,0,0,0,0,0,0,0,0,0,0,0,0,0,0,0,0,0,0,0,0,0,0,0,0,0,0
El Pueblo Mexican Food,California,8/10/16,Cardiff ,820 Birmingham Dr,https://www.yelp.com/biz/el-pueblo-authentic-mexican-food-cardiff-by-the-sea,4,4.7,0,4.99,4,,,19,21,0.67,4.5,4.5,3.5,4,4.5,5,2.5,4.5,5,4.3,Yes,Scott,,0,0,1,1,0,1,1,0,0,0,0,0,0,0,0,0,0,0,0,0,0,0,0,0,0,0,0,0,0,0,0,0,0,0,0,0,0
El Rey Moro,California Surf,6/9/16,Clairemont,4471 Clairemont Mesa Blvd,https://www.yelp.com/biz/el-rey-moro-taco-shop-san-diego,4,3.8,0,9.19,2.8,,,20.5,23.5,0.9,3.5,4.5,4,3.5,5,4.5,3,3.5,5,4,Yes,Scott,shrimp is really good. too much chipotle sauce,0,0,1,0,1,1,1,0,0,0,1,0,0,0,0,0,0,0,0,1,0,0,0,0,0,0,0,0,0,0,0,0,0,0,0,0,0
El Rey Moro,Hashbrown,8/20/17,,,,4,3.8,0,6.47,4,450,0.625,22.5,20,0.72,3,3,2,2.5,1.5,2.5,2.5,3,5,3.2,,Scott,,0,0,0,0,0,0,0,0,0,0,0,0,0,0,0,0,0,0,0,0,0,0,0,0,0,0,0,0,0,0,0,0,0,0,0,0,0
El Rey Moro,Hashbrown,8/20/17,,,,4,3.8,0,8.94,3.5,,,21.5,22,0.83,2.5,3.5,3.5,3.5,3.5,4,3,3.5,4.5,3.8,,Emily,,0,0,0,0,0,0,0,0,0,0,0,0,0,0,0,0,0,0,0,0,0,0,0,0,0,0,0,0,0,0,0,0,0,0,0,0,0
El Torrito Foods,Asada,9/25/16,Vista,249 Emerald Dr,https://www.yelp.com/biz/el-torito-foods-vista-2,4,4.4,0,5.49,4,,,23.5,19,0.68,3,5,3,3,2.5,4,3.5,3,5,3.1,Yes,Scott,Good because so cheap,0,0,1,0,0,0,0,0,0,0,0,0,1,1,0,0,0,0,0,0,0,1,1,0,0,0,0,0,0,0,0,0,0,0,0,0,0
El Torrito Foods,Adobada,9/25/16,,,,4,4.4,0,3.99,4.5,,,22.5,19.5,0.68,3.5,4,3,2.5,2.8,4,2.5,2.5,5,2.6,No,Emily,tamale isn't good,0,0,0,0,0,0,0,0,1,0,0,0,1,1,0,0,0,0,0,0,0,1,1,0,0,0,0,0,0,0,0,0,0,0,0,0,0
El Zarape,California,3/14/16,University Heights,4642 Park Blvd,https://www.yelp.com/biz/el-zarape-san-diego,4,4.4,1,6.25,0.5,,,,,,3,5,4,2.75,4,1.6,3.5,3.4,5,3.33333,,Kelsey,,0,0,1,1,1,1,1,0,0,0,0,0,0,0,0,0,0,0,0,0,0,0,0,0,0,0,0,0,0,0,0,0,0,0,0,0,0
El Zarape,California chicken,3/14/16,,,,4,4.4,0,6.25,3,,,,,,3.5,5,2.5,2.5,4,2.7,3.5,3,5,2.5,,Sage,,0,0,0,1,1,1,1,0,0,1,0,0,0,0,0,0,0,0,0,0,0,0,0,0,0,0,0,0,0,0,0,0,0,0,0,0,0
El Zarape,Azteca,3/14/16,,,,4,4.4,0,6.25,3.75,,,,,,3,5,5,4.5,4,4,1.5,3,5,3,,Jake,,0,0,1,1,0,1,0,0,0,0,0,0,0,1,0,0,0,0,0,0,0,0,0,0,0,0,0,1,0,0,0,0,0,0,0,0,0
El Zarape,Lobster,3/14/16,,,,4,4.4,0,9.5,3,,,,,,3,3,4,3,3.5,4.5,3.5,3,3.5,3.2,,Scott,quite small,0,0,0,0,0,0,0,0,0,0,0,0,0,0,0,0,0,0,1,1,0,0,0,0,0,0,0,0,1,0,0,0,0,0,0,0,0
El Zarape,Surf and Turf,5/19/16,,,,4,4.4,0,7,2.5,,,,,,5,5,5,5,5,5,5,5,5,5,Yes,Damien B,Get the green sauce,1,0,0,0,0,0,0,0,0,0,0,0,0,0,0,0,0,0,0,0,0,0,0,0,0,0,0,0,0,0,0,0,0,0,0,0,0
El Zarape,California,11/8/16,,,,4,4.4,0,6.25,4,,,17,19.5,0.51,2.5,4,3.75,4,3.75,5,4,4,5,3.9,Yes,Scott,,0,0,1,1,1,1,1,1,0,0,0,0,0,0,0,0,0,0,0,0,0,0,0,0,0,0,0,0,0,0,0,0,0,0,0,0,0
El Zarape,California,11/8/16,,,,4,4.4,0,6.25,4,,,17,22,0.65,3,,4,4,4,4,2,3,5,4,Yes,Ant,,0,0,1,1,1,1,1,1,0,0,0,0,0,0,0,0,0,0,0,0,0,0,0,0,0,0,0,0,0,0,0,0,0,0,0,0,0
El Zarape,California,11/8/16,,,,4,4.4,0,6.25,3,,,,,,4,4,2,2,4,3,3,3,5,3,No,Erik,,0,0,1,1,1,1,1,1,0,0,0,0,0,0,0,0,0,0,0,0,0,0,0,0,0,0,0,0,0,0,0,0,0,0,0,0,0
El Zarape,Carne asada supreme,11/8/16,,,,4,4.4,0,6.25,4,,,18,21,0.63,4,4,,3.5,3.5,4,4,4,4,4,Yes,Tom,,0,0,0,0,0,0,0,0,0,0,0,0,0,0,0,0,0,0,0,0,0,0,0,0,0,0,0,0,0,0,0,0,0,0,0,0,0
Famoso Mexican Street Food,Cali Diablo,11/14/16,Downtown,815 C St,https://www.yelp.com/biz/famoso-mexican-street-food-san-diego-20,4.5,3.9,0,10.5,3,,,20,27,1.16,2,2.5,3.3,3.5,1.5,4,2.5,2.5,3,3.1,No,Scott,Big roach on the floor while eating. Good prep took quite a long time. Cut in half!,0,0,1,1,1,1,1,1,0,0,0,0,0,0,0,0,0,0,0,1,0,0,0,0,0,0,0,0,0,0,0,0,0,0,0,0,0
Filiberto's,Adobada,5/2/17,Encinitas,476 S Coast Hwy 101,https://www.yelp.com/biz/filibertos-encinitas-2,3,3.8,0,6.25,4.4,,,,,,4.2,4.5,4,3,5,3.8,2.5,3,5,3.7,,Scott,,0,0,0,1,1,0,0,0,1,0,0,0,0,0,0,0,0,0,0,0,0,0,0,0,0,0,0,0,0,0,0,0,0,0,0,0,0
Filiberto's,California,5/2/17,,,,3,3.8,0,6.25,3,,,,,,4.5,4.5,3.7,3.5,4,3.5,3,4,4.5,4,,Emily,,0,0,0,0,0,0,0,0,0,0,0,0,0,0,0,0,0,0,0,0,0,0,0,0,0,0,0,0,0,0,0,0,0,0,0,0,0
Gloria's Taco Shop,California ,12/2/16,South Park,1233 28th St,https://www.yelp.com/biz/glorias-taco-shop-san-diego,4,4.3,0,5.65,3,,,19.5,22,0.75,4,1.5,2,3,4.2,4,3,2,4.5,2.7,No,Scott,Horchata tasted like bubble gum,0,0,0,0,0,0,0,0,0,0,0,0,0,0,0,0,0,0,0,0,0,0,0,0,0,0,0,0,0,0,0,0,0,0,0,0,0
Gloria's Taco Shop,Cabeza,12/2/16,,,,4,4.3,0,5.49,3,,,19,20.5,0.64,4.5,5,2,2,2.5,3.5,3,2.5,3,2,No,Richard,Meat is squishy,0,0,0,0,0,0,0,0,0,0,0,0,0,0,0,0,0,0,0,0,0,0,0,0,0,0,0,0,0,0,0,0,0,0,0,0,0
Goody's,Custom,5/20/16,La Jolla,Marshall College,https://www.yelp.com/biz/goodys-place-and-market-la-jolla,3.5,4.1,0,7.25,3.5,,,18.5,22.5,0.75,1.5,1,2,2,2,2,2,2,1,1.8,No,Scott,Grocery store tortilla; cold guac,0,0,1,1,1,1,0,0,0,0,0,0,1,1,0,0,0,0,0,0,1,0,0,0,0,0,0,0,0,0,0,0,0,0,0,0,0
Goody's,Custom,5/16/11,La Jolla,,,3.5,4.1,0,8,4,,,,,,3,,2,3,2,3,2,3,2,2,No,Albert N,"The price has gone up for the past two years. I would probably rate this lower because of it, but my scores were on raw taste only.",1,0,1,1,1,0,0,1,0,0,0,0,0,0,1,0,0,0,0,0,0,0,0,0,0,0,0,0,0,0,0,0,0,0,0,0,0
Goody's,Custom,5/20/16,La Jolla,,,3.5,4.1,0,8,3,,,,,,3,,1,2,2,2,2,2,1,2,No,Brittany T,It's gone downhill since 2013. Expensive and only ate it because there's nothing else around. closes early. skimping on the portions.,1,0,0,0,0,1,0,1,0,1,0,0,0,1,1,0,0,0,0,0,1,0,0,0,0,0,0,0,0,0,0,0,0,0,0,0,0
Goody's,Carne Asada,5/21/16,,,,3.5,4.1,0,6.25,4.5,,,,,,3.5,3,2,2,2.5,3,2,1.5,1,2,No,Kevin,"Sucks, but it is okay.",1,0,0,0,0,0,0,0,0,0,0,0,0,0,0,0,0,0,0,0,0,0,0,0,0,0,0,0,0,0,0,0,0,0,0,0,0
Graciela's Taco Shop,Adobada ,2/14/16,Bonita,5047 Central Ave,https://www.yelp.com/biz/gracielas-taco-shop-bonita-2,4,4.5,0,5.99,3,,,,,,4,4,3,3.5,4,4.5,4,4,4.5,4,,Scott,Salsa verde spicy,0,0,0,0,0,0,0,0,1,0,0,0,0,1,0,0,0,0,0,0,1,1,1,0,0,0,0,0,0,0,0,0,0,0,0,0,0
Graciela's Taco Shop,Barbacoa,2/14/16,,,,4,4.5,0,5.99,2,,,,,,3.5,4,3.5,,4,,4,4,1.5,4,,Emily,,0,0,1,0,0,0,0,0,0,0,0,0,0,0,0,0,0,0,0,0,0,1,1,0,0,0,0,0,0,0,0,0,0,0,0,0,0
Humbertos,Pollo california,5/27/16,,,,,,0,6,5,,,,,,4,5,5,5,5,4,5,5,5,5,Yes,Logan,,1,0,0,0,0,0,0,0,0,0,0,0,0,0,0,0,0,0,0,0,0,0,0,0,0,0,0,0,0,0,0,0,0,0,0,0,0
Jorge's Mexicatessen,California ,4/24/16,Encinitas ,267 N El Camino Real,https://www.yelp.com/biz/jorges-mexicatessen-encinitas,4,4.5,0,5.95,3.5,,,20,22,0.77,2.5,2.5,3.5,4,3,4.5,4,4.5,4.5,3.8,Yes,Scott,"Cheese should be melted, potatoes are very good",0,0,1,0,0,1,1,1,0,0,0,0,0,0,0,0,0,0,0,0,0,0,0,0,0,0,0,0,0,0,0,0,0,0,0,0,0
Jorge's Mexicatessen,Chimichanga beef,4/24/16,,,,4,4.5,0,5.5,3,,,,,,2,4,3,3,3,4,3.5,3.5,,3,No,Emily,,0,0,1,1,1,1,0,1,0,0,0,0,1,1,0,0,0,0,0,1,0,0,0,0,0,0,0,0,0,0,0,0,0,0,0,0,0
Jose's Taco,California,10/5/16,Oceanside,3910 Vista Way,https://www.yelp.com/biz/joses-taco-oceanside,4,3.8,0,6.1,4,,,22,22,0.85,3.5,3.5,2,3.5,4.5,3.5,3,3.5,4,3.3,No,Scott ,,0,0,1,0,1,1,1,0,0,0,0,0,0,0,0,0,0,0,0,0,0,0,0,0,0,0,0,0,0,0,0,0,0,0,0,0,0
Juanita's Taco Shop,California ,5/18/16,Encinitas ,290 N Coast Hwy 101,https://www.yelp.com/biz/juanitas-taco-shop-encinitas,4,4.5,0,5.55,3.5,,,17.5,23,0.74,4,4.5,3,3,5,3,4,3,5,3.5,Yes,Scott,,0,0,1,0,0,1,1,1,0,0,0,0,0,0,0,0,0,0,0,0,0,0,0,0,0,0,0,0,0,0,0,0,0,0,0,0,0
Juanita's Taco Shop,Arizona,5/18/16,,,,4,4.5,0,5.55,2.5,,,20.5,22.5,0.83,4.5,4,3.5,4,3.5,4,3,4,5,3.9,Yes,Emily,,0,0,1,1,1,0,1,0,0,0,0,0,0,0,0,0,0,0,0,0,0,0,0,0,0,0,0,0,0,0,0,0,0,0,0,0,0
JV's Mexican Food,Carne Asada,2/6/16,Morena,1112 Morena Blvd,http://jvsmexfood.com/,4,4.1,0,6.25,3.5,,,,,,2.5,1.5,1.5,3,4.5,3,1.5,2,4.5,2,,Scott,,0,0,1,1,1,0,0,0,0,0,0,0,0,0,0,0,0,0,0,0,0,0,0,0,0,0,0,0,0,0,0,0,0,0,0,0,0
JV's Mexican Food,Surf & Turf,2/6/16,,,,4,4.1,0,9.5,2,,,,,,2.5,2.5,2.75,2.5,2.5,2,0.5,3,3.5,2.5,,Emily,Huge. Shrimp is good. Meat is normal,0,0,1,0,1,0,0,0,0,0,1,0,1,0,0,0,1,0,0,0,0,0,0,0,0,0,0,0,0,0,0,0,0,0,0,0,0
Karina's Taco Shop ,Bomb,5/15/16,Encinitas ,916 N Coast Hwy 101,https://www.yelp.com/biz/karinas-taco-shop-encinitas,4,4.2,0,7.99,3,,,25.5,23,1.07,4,4,4,3.5,2.5,3.5,4,3.5,2.5,3.7,Yes,Scott,,0,0,1,0,1,1,1,1,0,0,0,0,0,0,0,0,0,0,0,0,0,0,0,1,0,0,0,0,0,0,0,0,0,0,0,0,0
Karina's Taco Shop ,California ,5/15/16,,,,4,4.2,0,6.99,2.5,,,21.5,22.125,0.84,3.5,4,3.5,3.5,3,1,4,4,4.5,3.8,Yes,Emily,,0,0,1,0,0,1,1,1,0,0,0,0,0,0,0,0,0,0,0,0,0,0,0,0,0,0,0,0,0,0,0,0,0,0,0,0,0
King Burrito,Adobada,8/16/16,Oceanside,3490 Marron Rd,https://www.yelp.com/biz/king-burrito-oceanside-2,4,3.9,0,4.99,3.5,,,23,19,0.66,3,3,3,3,2.5,2,2.5,3,4,2.8,No,Emily,Too much tortilla per bite,0,0,0,1,1,0,0,0,1,0,0,0,0,0,0,0,0,0,0,0,0,0,0,0,0,0,0,0,0,0,0,0,0,0,0,0,0
King Burrito,California,8/16/16,,,,4,3.9,0,5.29,3.5,,,22.5,20.5,0.75,2.5,4.5,2,3,2.5,1.5,3,2,4.5,2.5,No,Scott,it does taste homemade. but that's not a good thing,0,0,1,1,0,1,1,0,0,0,0,0,0,0,0,0,0,0,0,0,0,0,0,0,0,0,0,0,0,0,0,0,0,0,0,0,0
Kotija Jr,California,8/19/17,Del Mar,2668 Del Mar Heights Rd,https://www.yelp.com/biz/kotija-jr-taco-shop-del-mar,4,4.2,0,6.99,4,550,0.785714286,20,21,0.7,4,5,3.5,3.8,3,2.5,3.3,4,5,3.7,,Scott,,0,0,0,0,0,0,0,0,0,0,0,0,0,0,0,0,0,0,0,0,0,0,0,0,0,0,0,0,0,0,0,0,0,0,0,0,0
Kotija Jr,Steak fajitas,8/19/17,,,,4,4.2,0,7.1,3,,,21,22,0.81,3.5,5,4,4,4.5,4.75,3.75,4,5,4.2,,Emily,,0,0,0,0,0,0,0,0,0,0,0,0,0,0,0,0,0,0,0,0,0,0,0,0,0,0,0,0,0,0,0,0,0,0,0,0,0
Kotija Jr.,Fish,5/20/16,,,,4,4.2,0,6.5,4,,,,,,3,,4,4,5,4,4,5,4,5,Yes,Jonathan G,Great fish burrito. Not fishy and has great crunch from both cabbage and fried fish. Super generous with amount of fish given,1,0,0,0,0,0,0,0,0,0,0,1,0,0,0,0,0,0,1,1,0,0,0,0,0,0,0,0,0,0,0,0,0,0,0,0,0
La Morena Taco Shop and Seafood,California,9/22/16,Webster,5059 Federal Blvd,https://www.yelp.com/biz/la-morena-taco-shop-san-diego,4.5,4.7,0,6.35,4,,,,,,4,2.5,4,3,4.5,2,2,3,4,3,No,Erin,"Good tortilla, good amount of food, needed guac. or salsa to balance out density of fillings.",0,0,1,1,0,0,1,1,0,0,0,0,0,0,0,0,0,0,0,0,0,0,0,0,0,0,0,0,0,0,0,0,0,0,0,0,0
La Perla Cocina,Addiction,3/30/16,Pacific Beach,745 Emerald St,https://www.yelp.com/biz/la-perla-cocina-mexicana-san-diego,4.5,4.7,0,7.99,3.5,,,,,,4,4,2,3,1.5,3,2.5,1,3,2.5,,Scott,Bland,0,0,1,1,1,0,0,0,0,0,0,0,0,1,0,0,0,0,0,0,0,0,0,0,0,0,0,0,0,0,0,1,0,0,0,0,0
La Perla Cocina,Oaxacalifornia,3/30/16,,,,4.5,4.7,0,9.99,3,,,,,,4,4.5,3.5,4,3,2,2.5,3.5,4,4,,Emily,Fries are good,0,0,1,1,1,1,1,0,0,0,0,0,0,0,0,0,0,0,0,0,0,0,0,0,0,0,0,0,0,0,0,0,0,0,0,0,0
La Perla Cocina,California,5/16/16,,,,4.5,4.7,0,6.5,5,,,,,,4,,4,4,5,4,4,4,5,4,Yes,Laya,A LOT of carne asada!,1,0,1,1,1,1,1,1,0,0,0,0,0,0,0,0,0,0,0,0,0,0,0,0,0,0,0,0,0,0,0,0,0,0,0,0,0
Lola's 7 Up Market & Deli,Shredded beef,2/29/16,Carlsbad,3292 Roosevelt St,https://www.yelp.com/biz/lolas-7-up-market-and-deli-carlsbad,4.5,4.9,0,6,3.5,,,,,,2.5,2.5,3,4,4,4,3,3.5,1.5,3.8,,Emily,Food cooks fast but checking out is painfully slow,0,0,1,1,0,1,0,0,0,0,0,0,0,1,0,0,0,0,0,0,0,0,0,0,0,0,0,0,0,0,0,0,0,0,0,0,0
Lola's 7 Up Market & Deli,Carne asada,2/29/16,,,,4.5,4.9,0,7,3.5,,,,,,2.5,3,3,4,2,2,3,3.5,3.5,3,,Scott,Beans are surprisingly good,0,0,1,1,1,1,0,0,0,0,0,0,0,1,0,0,0,0,0,0,0,0,0,0,0,0,0,0,0,0,0,0,0,0,0,0,0
Lolita's,Bean and Cheese,5/19/16,,,,,,0,,4.3,,,,,,3.8,4,,4.7,,5,,4.7,5,4.8,Yes,,,1,0,0,0,0,0,0,0,0,0,0,0,0,0,0,0,0,0,0,0,0,0,0,0,0,0,0,0,0,0,0,0,0,0,0,0,0
Lolita's taco shop,2 in 1,2/24/16,Kearny Mesa,7305 Clairemont Mesa Blvd,http://lolitasmexicanfood.com/,4,4.4,0,8.75,3.5,,,,,,1.5,2,3,3.5,4,1,3.5,4.5,4,4,,Scott,Rolled tacos need more meat,0,0,1,0,1,1,0,0,0,0,0,0,0,0,0,0,0,0,0,0,0,0,0,1,0,0,0,0,0,0,0,0,0,0,0,0,0
Lolita's taco shop,Adobado,2/24/16,,,,4,4.4,0,5.5,2.5,,,,,,1.5,2.5,3.5,3,4,1.5,2.5,3.5,4.5,3.5,,Emily,Adobado reminds me of Indian food because of some mystery spice,0,0,0,1,1,0,0,0,1,0,0,0,0,0,0,0,0,0,0,0,0,0,0,0,0,0,0,0,0,0,0,0,0,0,0,0,0
Lolita's taco shop,California,5/12/16,,,,4,4.4,0,7,3.5,,,17.5,24.5,0.84,3,5,3,3.5,3,1.5,3,3,4,3.3,No,Scott,,0,0,1,0,0,1,1,1,0,0,0,0,0,0,0,0,0,0,0,0,0,0,0,0,0,0,0,0,0,0,0,0,0,0,0,0,0
Lolita's taco shop,2 in 1,5/12/16,,,,4,4.4,0,8.75,3,,,19,21.5,0.7,3,4,2.7,4.7,3,2.4,2,3.7,4.5,3.7,Yes,Bankole,,0,0,1,0,1,1,0,0,0,0,0,0,0,0,0,0,0,0,0,0,0,0,0,1,0,0,0,0,0,0,0,0,0,0,0,0,0
Lolita's taco shop,2 in 1,5/12/16,,,,4,4.4,0,8.75,4,,,17.78,22.225,0.7,4.5,3.8,3.8,4.5,3.4,1.5,3,3.8,4,3.8,Yes,Katie,,0,0,1,0,1,1,0,0,0,0,0,0,0,0,0,0,0,0,0,0,0,0,0,1,0,0,0,0,0,0,0,0,0,0,0,0,0
Lolita's Taco shop,Carne asada,5/27/16,,,,4,4.4,0,6.25,4,,,15,20.5,0.5,1.5,2.5,3,4.5,4,2,2.75,3.75,3,2.6,No,Scott,Way too small,0,0,1,1,1,0,0,0,0,0,0,0,0,0,0,0,0,0,0,0,0,0,0,0,0,0,0,0,0,0,0,0,0,0,0,0,0
Lolita's Taco shop,Shrimp,5/27/16,,,,4,4.4,0,8.95,3.5,,,18.5,25,0.92,3,3,4,4,3.5,3.5,2.5,4,0.5,3,Yes,Emily,,0,0,0,1,0,0,0,0,0,0,1,0,0,0,1,0,0,0,0,1,0,0,0,0,0,0,0,0,0,0,0,0,0,0,0,0,0
Lolita's Taco shop,Bean and cheese,5/27/16,,,,4,4.4,0,3.5,1,,,16,20,0.51,3.5,4.5,,3,,4,3,2.5,4,2.7,No,Scott,,0,0,0,0,0,1,0,0,0,0,0,0,0,1,0,0,0,0,0,0,0,0,0,0,0,0,0,0,0,0,0,0,0,0,0,0,0
Lolita's Taco Shop,California,6/23/16,,,,4,4.4,0,7,2.2,,,18,25,0.9,2.8,3,3,2,2,4.5,2,1.5,4.5,2.3,No,Scott,,0,0,1,0,0,1,1,1,0,0,0,0,0,0,0,0,0,0,0,0,0,0,0,0,0,0,0,0,0,0,0,0,0,0,0,0,0
Lolita's Taco Shop,California,6/23/16,,,,4,4.4,0,7,3.5,,,18,23.5,0.79,4,4,4,3,4,5,4,4,5,4,Yes,Cris,,0,0,1,0,0,1,1,1,0,0,0,0,0,0,0,0,0,0,0,0,0,0,0,0,0,0,0,0,0,0,0,0,0,0,0,0,0
Lolita's Taco Shop,California,6/23/16,,,,4,4.4,0,7,3,,,19,24,0.87,3.5,2,3,4,2,4,3,3,4,3,,Matt,,0,0,1,0,1,1,1,1,0,0,0,0,0,0,0,0,0,0,0,0,0,0,0,0,0,0,0,0,0,0,0,0,0,0,0,0,0
Lolita's Taco Shop,Mixed,6/23/16,,,,4,4.4,0,8.25,4,,,,,,4,3,4,4,4,5,3,4,5,3.5,Yes,Marc,,0,0,1,0,1,1,0,0,0,0,0,0,0,1,0,0,0,0,0,0,0,0,0,0,0,0,0,0,0,0,0,0,0,0,0,0,0
Los Cabos,California,8/27/16,San Marcos,165 S Rancho Santa Fe Rd,https://www.yelp.com/biz/los-cabos-san-marcos,4,4.1,1,5.99,4,,,18.5,21,0.65,4,4.5,2.5,2.5,2.5,1.5,3,4,5,3,No,Scott,Repeatedly get large bites of sour cream,0,0,1,0,0,1,1,1,0,0,0,0,0,0,0,0,0,0,0,0,0,0,0,0,0,0,0,0,0,0,0,0,0,0,0,0,0
Los Cabos,Al pastor,8/27/16,,,,4,4.1,0,5.69,3,,,17.5,23.5,0.77,4,4.5,3,3.5,4,3.5,2.5,4,4.5,4,Yes,Emily,Really good with lime,0,0,0,0,1,0,0,0,1,0,0,0,0,0,0,0,0,0,0,0,0,1,1,0,0,0,0,0,0,0,0,0,0,0,0,0,0
Los palmitos,California,4/23/17,Clairemont,5145 Clairemont Mesa Blvd,https://www.yelp.com/biz/los-palmitos-taco-shop-san-diego,4,4.1,1,7.1,4,,,22.5,23,0.95,4.5,5,3.8,3.8,4,4,3.9,4.3,5,4.3,,Scott,red-orange salsa has a slight fruity flavor that's really good,0,0,1,0,0,1,1,1,0,0,0,0,0,0,0,0,0,0,0,0,0,0,0,0,0,0,0,0,0,0,0,0,0,0,0,0,0
Los palmitos,Surf & Turf,4/23/17,,,,4,4.1,0,8.25,3.5,,,20,24,0.92,3.5,4,4,3,3.5,4.5,3.5,3.5,5,3.6,,Emily,Rice was plain. Also don't like rice in burrito,0,0,1,0,1,0,0,0,0,0,0,0,1,0,0,0,0,0,0,1,0,0,0,0,0,0,0,0,0,0,0,0,0,0,0,0,0
Los Panchos Taco Shop,California,11/23/16,Hillcrest,409 Washington St,https://www.yelp.com/biz/los-panchos-san-diego-2,3,3.4,1,6.25,3,,,18,21.5,0.66,3.5,5,4,3,4,3,3.5,3.5,3,3.7,Yes,Scott,,0,0,1,1,0,1,1,1,0,0,0,0,0,0,0,0,0,0,0,0,0,0,0,0,0,0,0,0,0,0,0,0,0,0,0,0,0
Los Panchos Taco Shop,Bitchin California,11/23/16,,,,3,3.4,0,7.25,4,,,19,24,0.87,4,4,5,4.5,4,3.5,5,4.5,5,4.4,Yes,Richard,,0,0,1,0,1,1,1,0,0,0,0,0,0,0,1,0,0,0,0,0,0,0,0,0,0,0,0,0,0,0,0,0,0,0,0,0,0
Los Panchos Taco Shop,Tijuana,11/23/16,,,,3,3.4,0,7,3.5,,,19.5,22,0.75,4,4,3.5,4,4,3.5,4.5,4,3.5,3.7,Yes,Tom,,0,0,0,0,0,0,0,0,0,0,0,0,0,0,0,0,0,0,0,0,0,0,0,0,0,0,0,0,0,0,0,0,0,0,0,0,0
Los Primos Mexican Food,Monster California,2/1/16,UTC,7770 Regents Rd,http://www.primosmex.com/,3,3.7,1,9.25,3.5,,,,,,2,4.5,4.5,3.5,1.5,3,3.5,4,2,3.9,,Scott,this tasted really bad leftover. not included in rating,0,0,1,1,1,1,1,1,0,0,0,0,0,0,0,0,0,0,0,0,0,0,0,0,0,0,0,0,0,0,0,0,0,0,0,0,0
Los Primos Mexican Food,619 Burrito Original,5/16/16,,,,3,3.7,1,11.75,4,,,,,,3,,4,5,4,4,5,4,3,4,Yes,Sai G,,1,0,1,0,0,0,1,0,0,0,0,0,0,0,0,0,0,0,0,1,0,0,0,0,0,0,0,0,0,0,0,0,0,0,0,0,0
Los Primos Mexican Food,California,5/29/16,,,,3,3.7,0,7.5,4,,,,,,3,5,3.5,3.5,4,4,2.5,3,5,3.5,Yes,Sage,,0,0,0,1,0,1,1,0,0,1,0,0,0,0,0,0,0,0,0,0,0,0,0,0,0,0,0,0,0,0,0,0,0,0,0,0,0
Los Primos Mexican Food,Monster California,6/3/16,,,,3,3.7,0,9.25,3.5,,,25.5,24,1.17,2,1,3,3,1,,3,2,4,2.3,No,Scott,,0,0,1,1,1,1,1,1,0,0,0,0,0,0,0,0,0,0,0,0,0,0,0,0,0,0,0,0,0,0,0,0,0,0,0,0,0
Los Primos Mexican Food,California,6/3/16,,,,3,3.7,0,7,3,,,20,22,0.77,4.5,4,3.5,4,1,1,2,2,4,2.5,No,Ricardo,,0,0,1,1,1,1,1,0,0,0,0,0,0,0,0,0,0,0,0,0,0,0,0,0,0,0,0,0,0,0,0,0,0,0,0,0,0
Los Primos Mexican Food,California breakfast,6/3/16,,,,3,3.7,0,6.25,2.5,,,18.5,22.5,0.75,3,4,3,2,1.5,1,3,1.5,3,2,No,Erin,,0,0,1,0,0,1,1,1,0,0,0,0,0,0,0,0,0,0,0,0,0,0,0,0,0,0,0,0,0,0,1,0,0,0,0,0,0
Los Primos Mexican Food,Baja monster,6/3/16,,,,3,3.7,0,6,4,,,,,,3,3,1,4,2,2,3,2,1,2,No,Elynn,,0,0,0,1,1,0,0,0,1,0,0,0,0,1,0,0,0,0,0,0,0,0,0,0,0,0,0,0,0,0,0,0,0,0,0,0,0
Los Primos Mexican Food,Baja monster,6/3/16,,,,3,3.7,0,6,3,,,,,,4,3.5,4,4,2,4,4,4,3,3.8,Yes,Rob,,0,0,0,1,1,0,0,0,1,0,0,0,0,1,0,0,0,0,0,0,0,0,0,0,0,0,0,0,0,0,0,0,0,0,0,0,0
Los Primos Mexican Food,Carnitas,6/3/16,,,,3,3.7,0,6.35,4.5,,,18,20.5,0.6,4,4,2.5,2,3,2,2,2,3,2,No,Matteo,,0,0,0,0,1,0,0,0,1,0,0,0,0,0,0,0,0,0,0,0,0,0,0,0,0,0,0,0,0,0,0,0,0,0,0,0,0
Los Primos Mexican Food,Surf & Turf,8/6/16,,,,3,3.7,0,7,2.5,,,20.5,21.75,0.77,4,4,2,3,2,3.5,3,3,4.5,2.5,No,Emily,,0,0,1,0,0,1,0,0,0,0,0,0,0,0,0,0,0,0,0,0,0,0,1,0,0,0,0,0,0,0,0,0,0,0,0,0,0
Los Primos Mexican Food,Adobada,8/6/16,,,,3,3.7,0,6.25,2,,,20.5,20,0.65,4,2.5,2.5,3,2,4,3.5,3,4.5,2.6,No,Scott,,0,0,0,0,0,0,0,0,0,0,0,0,0,0,0,0,0,0,0,0,0,0,0,0,0,0,0,0,0,0,0,0,0,0,0,0,0
Los Primos Mexican Food,Carne asada,8/6/16,,,,3,3.7,0,7,4,,,18.5,20.5,0.62,3.5,3,2,2,1,3,3.5,1.5,4,2,No,Ricardo,,0,0,0,0,0,0,0,0,0,0,0,0,0,0,0,0,0,0,0,0,0,0,0,0,0,0,0,0,0,0,0,0,0,0,0,0,0
Los Tacos,California ,9/18/16,,,,4,4.2,0,7.9,3.5,,,20.5,23,0.86,4,5,4,4,3,4,3.5,4,4,4.2,Yes,Scott,Tortilla is burnt a bit but good. Pick is good,0,0,0,0,0,0,0,0,0,0,0,0,0,0,0,0,0,0,0,0,0,0,0,0,0,0,0,0,0,0,0,0,0,0,0,0,0
Los Tacos,Local,9/18/16,,,,4,4.2,0,7.9,3.5,,,22,23,0.93,4,3.5,4.5,4.5,3.5,3.5,3.5,4,3,4.3,Yes,Emily,Melted cheese is good. Cilantro is fresh,0,0,0,0,0,0,0,0,0,0,0,0,0,0,0,0,0,0,0,0,0,0,0,0,0,0,0,0,0,0,0,0,0,0,0,0,0
Los Tacos,Fusion,1/7/17,,,,4,4.2,0,8.5,3.9,,,21,21,0.74,3,4.5,4.1,3,3.7,4,4.3,4.2,5,3.9,Yes,Scott,Fresca and verde salsas are the best,0,0,0,0,0,0,0,0,0,0,0,0,0,0,0,0,0,0,0,0,0,0,0,0,0,0,0,0,0,0,0,0,0,0,0,0,0
Los Tacos,Local,1/7/17,,,,4,4.2,0,7.9,4,,,20.5,21,0.72,3.5,4,4,3,4,4.5,4,3.8,4.8,3.8,Yes,Emily,Pastor is dry,0,0,0,0,0,0,0,0,0,0,0,0,0,0,0,0,0,0,0,0,0,0,0,0,0,0,0,0,0,0,0,0,0,0,0,0,0
Los Tacos,Local,1/15/17,,,,4,4.2,0,7.9,3.5,,,21.5,23.5,0.94,4.5,5,4,3.5,4,2.8,4,4.5,3.7,4.2,,Scott,,0,0,0,0,0,0,0,0,0,0,0,0,0,0,0,0,0,0,0,0,0,0,0,0,0,0,0,0,0,0,0,0,0,0,0,0,0
Los Tacos,Local,1/15/17,,,,4,4.2,0,7.9,2,,,19.5,24,0.89,4.2,4,4.2,3.8,4,3,3.8,4.5,5,4.2,,Emily,,0,0,0,0,0,0,0,0,0,0,0,0,0,0,0,0,0,0,0,0,0,0,0,0,0,0,0,0,0,0,0,0,0,0,0,0,0
Los Tacos,Local,2/25/17,,,,4,4.2,0,7.9,2.5,,,22,22,0.85,3,4.5,4.3,4,3,3.1,3.9,4.2,3,4.1,,Scott,,0,0,0,0,0,0,0,0,0,0,0,0,0,0,0,0,0,0,0,0,0,0,0,0,0,0,0,0,0,0,0,0,0,0,0,0,0
Los Tacos,Local,2/25/17,,,,4,4.2,0,7.9,3,,,21,24,0.96,3,3.5,4.5,4,4,4,4,4,3.5,4,,Emily,,0,0,0,0,0,0,0,0,0,0,0,0,0,0,0,0,0,0,0,0,0,0,0,0,0,0,0,0,0,0,0,0,0,0,0,0,0
Los Tacos,Local,2/25/17,,,,4,4.2,0,7.9,3,,,,,,5,5,5,4,5,4,4,5,4,5,,Audrey L,,1,0,0,0,0,0,0,0,0,0,0,0,0,0,0,0,0,0,0,0,0,0,0,0,0,0,0,0,0,0,0,0,0,0,0,0,0
Los Tacos,Local,2/25/17,,,,4,4.2,0,7.9,3,,,,,,3.5,4,4,4,4.5,3.5,4,3.5,4,4,,Spencer,,0,0,0,0,0,0,0,0,0,0,0,0,0,0,0,0,0,0,0,0,0,0,0,0,0,0,0,0,0,0,0,0,0,0,0,0,0
Los Tacos,Local,9/4/17,,,,4,4.2,0,8.5,3.5,540,0.683544304,21.5,21.5,0.79,3.5,4,4.5,4,3,4,3.5,4.5,5,4.3,,Scott,,0,0,0,0,0,0,0,0,0,0,0,0,0,0,0,0,0,0,0,0,0,0,0,0,0,0,0,0,0,0,0,0,0,0,0,0,0
Los Tacos,Local,9/4/17,,,,4,4.2,0,8.5,3.5,540,0.613636364,21,23,0.88,4,4,4,4.5,4.2,4.5,4,4.5,4.8,4.5,,Emily,,0,0,0,0,0,0,0,0,0,0,0,0,0,0,0,0,0,0,0,0,0,0,0,0,0,0,0,0,0,0,0,0,0,0,0,0,0
Los tacos ,Local,6/5/16,Oceanside,2183 Vista Way,https://www.yelp.com/biz/los-tacos-oceanside,4,4.2,0,7.9,3.5,,,20.5,21.5,0.75,3.5,4.5,4.5,4,1.5,1.5,3,4,5,3.5,Yes,Scott,,0,0,0,1,0,1,1,0,1,0,0,0,0,0,0,0,0,0,0,0,0,0,0,0,1,0,0,0,0,0,0,0,0,0,0,0,0
Los tacos ,Fusion,6/5/16,,,,4,4.2,0,8.5,3.5,,,18.5,21,0.65,4,4,4,3.5,4,4,4,4.5,4.5,4.2,Yes,Emily,,0,0,1,0,1,1,0,0,1,0,0,0,0,0,0,0,0,0,0,0,0,1,1,0,0,0,0,0,0,0,0,0,0,0,0,0,0
Los Tacos 2,Al pastor tradicional ,5/13/17,Oceanside,3480 Marron Rd,https://www.yelp.com/biz/los-tacos-oceanside-2,4.5,5,0,8.25,3.8,430,0.632352941,22.5,19.5,0.68,4,,4,3,3,2.5,4,3,5,3.6,,Scott,,0,0,0,1,1,0,0,0,1,0,0,0,0,0,0,0,0,0,0,0,0,0,0,0,0,0,0,0,0,0,0,0,0,0,0,0,0
Los Tacos 2,Cheese steak,5/29/17,,,,4.5,5,0,9.95,4.2,600,0.779220779,22,21,0.77,3.5,5,3,1.5,3,2.5,3,2.2,2.5,2.8,,Scott,,0,0,0,0,0,0,0,0,0,0,0,0,0,0,0,0,0,0,0,0,0,0,0,0,0,0,0,0,0,0,0,0,0,0,0,0,0
Los Tacos 2,Local,7/22/17,,,,4.5,5,0,8.5,3.8,,,23,22,0.89,4,4.5,3,4,3,2.5,3.5,3.5,3,4,,Scott,,0,0,0,0,0,0,0,0,0,0,0,0,0,0,0,0,0,0,0,0,0,0,0,0,0,0,0,0,0,0,0,0,0,0,0,0,0
Los Tacos 2,Local,7/22/17,,,,4.5,5,0,8.5,4,,,22,21,0.77,4,4,3.75,4,3.5,3.5,4,5,3.5,4,,Emily,,0,0,0,0,0,0,0,0,0,0,0,0,0,0,0,0,0,0,0,0,0,0,0,0,0,0,0,0,0,0,0,0,0,0,0,0,0
Lourdes,Carnitas,3/3/17,Encinitas,2113 San Elijo Ave,https://www.yelp.com/biz/lourdes-encinitas-2,4,4.7,0,7.35,3.5,415,0.691666667,21,19,0.6,3.5,3,3.5,3,4.5,4.5,4,4,5,3.75,,Emily,,0,0,0,0,0,0,0,0,0,0,0,0,0,0,0,0,0,0,0,0,0,0,0,0,0,0,0,0,0,0,0,0,0,0,0,0,0
Lourdes,California,3/3/17,,,,4,4.7,0,6.35,3.5,425,0.708333333,19,20,0.6,4,3,3,3,2.5,3,3.5,2.8,5,3.1,,Scott,,0,0,0,0,0,0,0,0,0,0,0,0,0,0,0,0,0,0,0,0,0,0,0,0,0,0,0,0,0,0,0,0,0,0,0,0,0
Lucha Libre North Park,Surf & Turf,8/30/16,North Park,3016 University Ave,https://www.yelp.com/biz/lucha-libre-san-diego,3.5,4.3,1,8.25,4,,,19,22.5,0.77,3,2.5,3,3,3,3,3.5,3,3,3,Yes,Hannah,,0,0,1,1,0,0,0,0,0,0,1,0,1,0,0,0,0,0,0,1,0,0,0,0,0,0,0,0,0,0,0,0,0,0,1,0,0
Lucha Libre North Park,Surf & Turf,8/30/16,,,,3.5,4.3,0,8.25,3,,,19,24,0.87,5,3,5,4,2,2,5,2,2,2,No,Tammy,,0,0,1,1,0,0,0,0,0,0,1,0,1,0,0,0,0,0,0,1,0,0,0,0,0,0,0,0,0,0,0,0,0,0,1,0,0
Lucha Libre North Park,Surf & Turf,8/30/16,,,,3.5,4.3,0,8.25,3.9,,,,,,2.1,1.9,2.6,2.4,2.9,3.2,4,2.5,3,2.4,No,Bankole,Not as good as the first time,0,0,1,1,0,0,0,0,0,0,1,0,1,0,0,0,0,0,0,1,0,0,0,0,0,0,0,0,0,0,0,0,0,0,1,0,0
Lucha Libre North Park,Surf & Turf,8/30/16,,,,3.5,4.3,0,8.25,4,,,20,22,0.77,3,2.5,2,2.8,3.5,3.5,4,3,4,2.2,,Melissa N,,0,0,1,1,0,0,0,0,0,0,1,0,1,0,0,0,0,0,0,1,0,0,0,0,0,0,0,0,0,0,0,0,0,0,1,0,0
Lucha Libre North Park,Surf & Turf,8/30/16,,,,3.5,4.3,0,8.25,3.5,,,20,22,0.77,3.6,3.2,3.2,3.5,3.6,3.5,,3.8,3.9,3.6,,Katie,,0,0,1,1,0,0,0,0,0,0,1,0,1,0,0,0,0,0,0,1,0,0,0,0,0,0,0,0,0,0,0,0,0,0,1,0,0
Lucha Libre North Park,Surfin California,8/30/16,,,,3.5,4.3,0,8.25,3,,,21,24.5,1,3,3,4,3.5,3,2,3.5,3.5,4,3.9,Yes,Emily,thick chips,0,0,1,1,0,1,1,0,0,0,1,0,0,0,0,0,0,0,0,1,0,0,0,0,0,0,0,0,0,0,0,0,0,0,1,0,0
Lucha Libre North Park,Surfin California,8/30/16,,,,3.5,4.3,0,8.25,4,,,18.5,25.5,0.96,3.5,2,4,3,5,5,4,4,5,3.5,,Melissa G,Good guac,0,0,1,1,0,1,1,0,0,0,1,0,0,0,0,0,0,0,0,1,0,0,0,0,0,0,0,0,0,0,0,0,0,0,1,0,0
Lucha Libre North Park,Surfin California,8/30/16,,,,3.5,4.3,0,8.25,4,,,,,,4,3,3,3,3,2,3,3,4,3,Yes,Marc,"shrimp was questionable; salsa was mediocre to bad; overall ok, better than past burritos at lucha libre",0,0,1,1,0,1,1,0,0,0,1,0,0,0,0,0,0,0,0,1,0,0,0,0,0,0,0,0,0,0,0,0,0,0,1,0,0
Lucha Libre North Park,Surfin California,8/30/16,,,,3.5,4.3,0,8.25,1,,,,,,3,2,4,3,5,5,4,3.5,5,3.5,,Ashley G,good guac but fries could be better,0,0,1,1,0,1,1,0,0,0,1,0,0,0,0,0,0,0,0,1,0,0,0,0,0,0,0,0,0,0,0,0,0,0,1,0,0
Lucha Libre North Park,Surfin California,8/30/16,,,,3.5,4.3,0,8.25,2,,,20,24.5,0.96,3.5,2,5,3.5,4,2.5,3.5,3,3.5,3.5,Yes,Richard,probably positively biased by service,0,0,1,1,0,1,1,0,0,0,1,0,0,0,0,0,0,0,0,1,0,0,0,0,0,0,0,0,0,0,0,0,0,0,1,0,0
Lucha Libre North Park,Surfin California,8/30/16,,,,3.5,4.3,0,8.25,3,,,19,24,0.87,5,4,4,4,3,3,4,4,4,4,Yes,Mike,,0,0,1,1,0,1,1,0,0,0,1,0,0,0,0,0,0,0,0,1,0,0,0,0,0,0,0,0,0,0,0,0,0,0,1,0,0
Lucha Libre North Park,Surfin California,8/30/16,,,,3.5,4.3,0,8.25,1,,,19.5,25.5,1.01,4,3,3.5,3,5,4,2,3,4,3,,Sankha G,,0,0,1,1,0,1,1,0,0,0,1,0,0,0,0,0,0,0,0,1,0,0,0,0,0,0,0,0,0,0,0,0,0,0,1,0,0
Lucha Libre North Park,Nutty,8/30/16,,,,3.5,4.3,0,7.5,3.8,,,19,25,0.94,3.8,4,4,4,4,4,4.5,4.5,4.5,4.4,,Luis,,0,0,0,0,0,1,1,1,0,1,0,0,1,0,0,0,0,0,0,1,0,0,0,0,0,0,0,0,0,0,0,0,0,0,0,0,0
Lucha Libre North Park,Veg Out,8/30/16,,,,3.5,4.3,0,6.95,3,,,19,23,0.8,5,5,,5,,5,4.5,5,3,4.5,Yes,Aga,,0,0,0,0,0,0,0,0,0,0,0,0,0,1,1,0,0,0,0,1,0,0,0,0,0,0,0,0,0,0,0,1,0,0,1,0,1
Lucha Libre North Park,Veggie,8/30/16,,,,3.5,4.3,0,5.25,3,,,19.5,25.5,1.01,4.5,4.5,,3.5,,3,4,3.5,5,3.25,Yes,Rob G,,0,0,0,1,0,0,1,0,0,0,0,0,1,1,1,0,0,0,0,0,0,0,0,0,0,0,0,0,0,0,0,0,0,0,0,0,0
Lucha Libre North Park,Bean and cheese,8/30/16,,,,3.5,4.3,0,3.75,5,,,18,22,0.69,4,3,,1,,3,3,2,3,2,No,Meghan,Bland,0,0,0,0,0,1,0,0,0,0,0,0,0,1,0,0,0,0,0,0,0,0,0,0,0,0,0,0,0,0,0,0,0,0,0,0,0
Lucha Libre North Park,California - Steak,8/30/16,,,,3.5,4.3,0,7.5,2.5,,,19,23.5,0.83,3,3,5,3.5,3,3.5,4.5,4,4.5,3.9,Yes,Scott,"first bite sour cream, but probably the best steak I've had in a burrito",0,0,1,1,0,1,1,1,0,0,0,0,0,0,0,0,0,0,0,0,0,0,0,0,0,0,0,0,0,0,0,0,0,0,0,0,0
Lucha Libre North Park,California - Steak,8/30/16,,,,3.5,4.3,0,7.5,5,,,17,23,0.72,3.5,3,2,3,3,2,4,2.5,5,3.5,,Devleena,fries = 4,0,0,1,1,0,1,1,1,0,0,0,0,0,0,0,0,0,0,0,0,0,0,0,0,0,0,0,0,0,0,0,0,0,0,0,0,0
Lucha Libre North Park,California - Pork Adobada,8/30/16,,,,3.5,4.3,0,7.5,4,,,18,24.5,0.86,2,3,3,3,4,3,4,3,5,3,Yes,Erik,,0,0,0,1,0,1,1,1,1,0,0,0,0,0,0,0,0,0,0,0,0,0,0,0,0,0,0,0,0,0,0,0,0,0,0,0,0
Lucha Libre North Park,California - Pork Adobada,8/30/16,,,,3.5,4.3,0,7.5,4.5,,,18,26,0.97,3.5,4,4.5,4,3.5,3.5,4,4,4.5,4.25,Yes,Ricardo,,0,0,0,1,0,1,1,1,1,0,0,0,0,0,0,0,0,0,0,0,0,0,0,0,0,0,0,0,0,0,0,0,0,0,0,0,0
Lucha Libre North Park,California - Pork Adobada,8/30/16,,,,3.5,4.3,0,7.5,2,,,19,25,0.94,4,5,5,4,4.5,4.5,5,4.5,4,4.5,Yes,Erin,,0,0,0,1,0,1,1,1,1,0,0,0,0,0,0,0,0,0,0,0,0,0,0,0,0,0,0,0,0,0,0,0,0,0,0,0,0
Lucha Libre North Park,California - Chicken,8/30/16,,,,3.5,4.3,0,7.5,4,,,20,23.5,0.88,3.5,2.5,3,4.5,3,2,5,4.5,3.5,2.5,Yes,Kelsey,,0,0,0,1,1,1,1,1,0,1,0,0,0,0,0,0,0,0,0,0,0,0,0,0,0,0,0,0,0,0,0,0,0,0,0,0,0
Lucha Libre North Park,California - Chicken,8/30/16,,,,3.5,4.3,0,7.5,3,,,20,22,0.77,3.5,5,3.5,4,3,3,4,2.5,5,3,No,Javier,"large, bt feels good in my hands",0,0,0,1,0,1,1,1,0,1,0,0,0,0,0,0,0,0,0,0,0,0,0,0,0,0,0,0,0,0,0,0,0,0,0,0,0
Lucha Libre North Park,Holy Moly,8/30/16,,,,3.5,4.3,0,7.5,5,,,,,,3.5,2,3.5,3.5,3,4,2,2,4,3.5,,Sam A,,0,0,0,0,0,1,0,1,0,1,0,0,1,0,0,0,0,0,0,1,0,0,0,0,0,0,0,0,0,0,0,0,0,0,0,0,0
Lucha Libre North Park,Holy Moly,8/30/16,,,,3.5,4.3,0,7.5,3,,,17,21,0.6,2.5,2.5,3,2,2,1,5,1,5,1.5,No,Sage,all meat at bottom 1/8th,0,0,0,0,0,1,0,1,0,1,0,0,1,0,0,0,0,0,0,1,0,0,0,0,0,0,0,0,0,0,0,0,0,0,0,0,0
Lucha Libre North Park,Holy Moly,8/30/16,,,,3.5,4.3,0,7.5,4,,,17.5,21.2,0.63,5,3,5,5,3,2,2,3,5,4,Yes,Aaron S,,0,0,0,0,0,1,0,1,0,1,0,0,1,0,0,0,0,0,0,1,0,0,0,0,0,0,0,0,0,0,0,0,0,0,0,0,0
Lucha Libre North Park,Holy Moly,8/30/16,,,,3.5,4.3,0,7.5,5,,,19,21,0.67,5,4,2,1,4,3,5,4,2,2,,Jaeyoung,Ordered a specialty burrito and guess I was expecting an ordinary one! Sauce was good but overpowering; no veggies at all; overall just did not feel like a burrito.,0,0,0,0,0,1,0,1,0,1,0,0,1,0,0,0,0,0,0,1,0,0,0,0,0,0,0,0,0,0,0,0,0,0,0,0,0
Lucha Libre North Park,Holy Moly,8/30/16,,,,3.5,4.3,0,7.5,4.5,,,19.5,19,0.56,4,4,3.5,4.5,4,4,5,4.5,4,4,Yes,Matteo,,0,0,0,0,0,1,0,1,0,1,0,0,1,0,0,0,0,0,0,1,0,0,0,0,0,0,0,0,0,0,0,0,0,0,0,0,0
Lupe's Taco Shop,Hot cheetos,1/12/17,Linda Vista,7621 Linda Vista Rd,https://www.yelp.com/biz/lupes-taco-shop-san-diego,3.5,4.5,1,7.29,3.5,,,19,21.5,0.7,3,2,3.5,3.5,3,2.5,3.7,3.2,4.2,3.7,,Scott,"Cheese is cold, but guac, salsa, and chips are good",0,0,0,0,0,0,0,0,0,0,0,0,0,0,0,0,0,0,0,0,0,0,0,0,0,0,0,0,0,0,0,0,0,0,0,0,0
Lupe's Taco Shop,Surfin California,1/12/17,,,,3.5,4.5,0,7.89,3,,,18.5,25.5,0.96,4,5,4.5,4,4.5,3.5,3,4.5,2.5,4.25,,Richard,quality ingredients,0,0,0,0,0,0,0,0,0,0,0,0,0,0,0,0,0,0,0,0,0,0,0,0,0,0,0,0,0,0,0,0,0,0,0,0,0
Lupe's Taco Shop,California,1/12/17,,,,3.5,4.5,0,7.49,3.7,,,20,26,1.08,4,3.5,3.9,4,3.7,2,3.5,4,4,3.9,,Tom,tons of french fries,0,0,0,0,0,0,0,0,0,0,0,0,0,0,0,0,0,0,0,0,0,0,0,0,0,0,0,0,0,0,0,0,0,0,0,0,0
Lupe's Taco Shop,Spicy a la Diabla,1/12/17,,,,3.5,4.5,0,7.49,5,,,18,22,0.69,4,4,4,2,3,0,,1,2,2,,Rob L,way too spicy,0,0,0,0,0,0,0,0,0,0,0,0,0,0,0,0,0,0,0,0,0,0,0,0,0,0,0,0,0,0,0,0,0,0,0,0,0
Lupe's Taco Shop,TGunz,4/25/17,,,,3.5,4.5,0,10,3,920,0.597402597,23,29,1.54,3,4,3.2,3.5,1.8,1.8,3.5,3.7,3.5,3.9,,Scott,,0,0,0,0,0,0,0,0,0,0,0,0,0,0,0,0,0,0,0,0,0,0,0,0,0,0,0,0,0,0,0,0,0,0,0,0,0
Lupe's Taco Shop,TGunz,4/25/17,,,,3.5,4.5,0,10,4.2,925,0.600649351,23,29,1.54,3,4.5,3.5,3.5,2.5,2,3,3.5,4.5,3.5,,Ricardo,,0,0,0,0,0,0,0,0,0,0,0,0,0,0,0,0,0,0,0,0,0,0,0,0,0,0,0,0,0,0,0,0,0,0,0,0,0
Matador Mexican Food,Carnitas,10/2/16,Morena,5201 Linda Vista Rd,https://www.yelp.com/biz/matador-mexican-grill-san-diego-2,4.5,4,1,6.6,3.2,,,,,,1.4,3.7,3,3.2,4.8,2.4,3,2.9,3,3,No,Scott,,0,0,0,1,1,0,0,0,1,0,0,0,0,0,0,0,0,0,0,0,0,0,0,0,0,0,0,0,0,0,0,0,0,0,0,0,0
Matador Mexican Food,Carne asada,10/2/16,,,,4.5,4,0,6.6,4,,,,,,4,3.5,3.5,3.5,4,3,3.5,3.5,4.5,3,,Brent,Salsa too spicy,0,0,1,1,1,0,0,0,0,0,0,0,0,0,0,0,0,0,0,0,0,0,0,0,0,0,0,0,0,0,0,0,0,0,0,0,0
Mi Asador Mexican & Seafood ,California ,4/27/16,Oceanside,4750 Oceanside Blvd,https://sites.google.com/site/miasador/,4.5,4.4,1,6.89,3,,,25,22,0.96,3,2.5,3,2.5,2.5,2,3.5,3,4,3,No,Scott,,0,0,1,0,1,1,1,1,0,0,0,0,0,0,0,0,0,0,0,0,0,0,0,0,0,0,0,0,0,0,0,0,0,0,0,0,0
Mi Asador Mexican & Seafood ,El Hawaiiano ,4/27/16,,,,4.5,4.4,0,6.39,3,,,23,22.5,0.93,4,3,2.5,3.5,3,3,3.5,4,3.5,3.5,Yes,Emily,Pineapple is really good,0,0,1,0,1,1,0,1,0,0,0,0,0,0,0,0,0,0,0,0,0,0,0,0,1,0,0,0,0,0,0,0,0,0,0,0,0
Mikes Taco Club,California,3/23/16,Ocean Beach,5060 Newport Ave,http://www.mikestacoclub.com/menu/,4.5,4.9,0,8.59,2.5,,,,,,4,4.5,3.5,5,2.5,2,4,4.5,4,4.3,,Scott,,0,0,1,1,1,1,1,1,0,0,0,0,0,0,0,0,0,0,0,0,0,0,0,0,0,0,0,0,0,0,0,0,0,0,0,0,0
Mikes Taco Club,California,3/23/16,,,,4.5,4.9,0,8.59,3.5,,,,,,4.5,4.5,4,4.5,4,4,4,4.5,5,4.5,,Brad,,0,0,1,1,1,1,1,1,0,0,0,0,0,0,0,0,0,0,0,0,0,0,0,0,0,0,0,0,0,0,0,0,0,0,0,0,0
Mister Falafel,Chicken Shawarma,12/15/16,Clairemont,4461 Clairemont Mesa Blvd,https://www.yelp.com/biz/mister-falafel-san-diego,4.5,4.6,0,6.99,3.7,,,24,18.5,0.65,3.6,4,4,3,3.8,4.3,,3.8,2,3.5,Yes,Scott,Richard recommended this. Like a Mediterranean burrito,1,0,0,0,0,0,0,0,0,0,0,0,0,0,0,0,0,0,0,0,0,0,0,0,0,0,0,0,0,0,0,0,0,0,0,0,0
Mr. Ruribertos Taco Shop ,California,12/10/16,Mission Beach,3202 Mission Blvd,https://www.yelp.com/biz/ruribertos-taco-shop-san-diego,3.5,3.7,0,7.75,4,,,20,21,0.7,3.5,2.5,3,3.3,1.4,2.3,2.2,3.3,4.5,2.9,No,Scott,,0,0,1,1,0,1,1,1,0,0,0,0,0,0,0,0,0,0,0,0,0,0,0,0,0,0,0,0,0,0,0,0,0,0,0,0,0
Mr. Ruribertos Taco Shop ,Carne asada,12/10/16,,,,3.5,3.7,0,7.75,4,,,19.5,21,0.68,4,4.5,2,2,3.5,3.5,2,2,4,3,No,Brent,"Carrots are bad, got better as it went on",0,0,1,1,1,0,0,0,0,0,0,0,0,0,0,0,0,0,0,0,0,0,0,0,0,0,0,0,0,0,0,0,0,0,0,0,0
MXN on Washington,Bean and rice grande size,5/20/16,,,,,,0,2.99,3,,,,,,4.5,3.5,,4.5,,3.5,3,4,4,4.5,Yes,Sarah,Got green and hot salsa put inside the burrito-drive thru,1,0,0,0,0,0,0,0,0,0,0,0,0,0,0,0,0,0,0,0,0,0,0,0,0,0,0,0,0,0,0,0,0,0,0,0,0
Netos Mexican Food,California ,5/26/16,San Marcos,325 S Rancho Santa Fe Rd,https://www.yelp.com/biz/netos-mexican-food-san-marcos,4.5,4.1,1,5.99,4,,,20.5,23.5,0.9,4.5,5,3,4,2,2,2,3.75,4,3.2,Yes,Scott,not 100% certain about the ingredients (was there guac and pico?),0,0,1,1,1,1,1,1,0,0,0,0,0,0,0,0,0,0,0,0,0,0,0,0,0,0,0,0,0,0,0,0,0,0,0,0,0
Netos Mexican Food,Carne adobada ,5/26/16,,,,4.5,4.1,0,5.5,3,,,20.75,23.5,0.91,3.5,4,3.5,3,3.5,3.5,2.5,3,2.5,3,Yes,Emily,"Best free chips, novel burrito",0,0,1,1,1,0,0,0,0,0,0,0,0,0,0,0,0,0,0,0,0,0,0,0,1,0,0,0,0,0,0,0,0,0,0,0,0
Nico's Taco Shop,California,1/30/16,Carmel Valley,3860 Valley Centre Dr #404,http://www.yelp.com/biz/nicos-taco-shop-san-diego,3,2.9,0,7.19,1.5,,,,,,2,3,3,2,2.5,2.5,,2,3,2.6,,Scott,not fries. big potatoes,0,0,1,0,0,1,1,1,0,0,0,0,0,0,0,0,0,0,0,0,0,0,0,0,0,0,0,0,0,0,0,0,0,0,0,0,0
Nico's Taco Shop,Carnitas,1/30/16,,,,3,2.9,0,6.99,4,,,,,,2.5,3,3,2.5,3,3.5,,2.5,3,3,,Emily,,0,0,0,1,1,0,0,0,1,0,0,0,0,0,0,0,0,0,0,0,0,0,0,0,0,0,0,0,0,0,0,0,0,0,0,0,0
Ortiz's Taco Shop #2,California,11/2/16,Pacific Beach,1313 Garnet Ave,https://www.yelp.com/biz/ortizs-taco-shop-san-diego-2,4,4.2,0,6.39,4,,,20,21,0.7,4,4,4,4,4.5,4.5,4.2,4.5,4.5,4.25,Yes,Scott,,0,0,0,0,0,0,0,0,0,0,0,0,0,0,0,0,0,0,0,0,0,0,0,0,0,0,0,0,0,0,0,0,0,0,0,0,0
Ortiz's Taco Shop #2,California chicken,11/2/16,,,,4,4.2,0,6.39,4.25,,,22,22,0.85,2,4,3.7,2,4,4.5,4.5,2.7,5,2.66,No,Sage,,0,0,0,0,0,0,0,0,0,0,0,0,0,0,0,0,0,0,0,0,0,0,0,0,0,0,0,0,0,0,0,0,0,0,0,0,0
Ortiz's Taco Shop #2,California,11/2/16,,,,4,4.2,0,6.39,4.5,,,22.5,20.5,0.75,3,4.4,4,4,4.5,4.2,4.3,4,5,4.2,Yes,Shijia,,0,0,0,0,0,0,0,0,0,0,0,0,0,0,0,0,0,0,0,0,0,0,0,0,0,0,0,0,0,0,0,0,0,0,0,0,0
Ortiz's Taco Shop #2,California,11/2/16,,,,4,4.2,0,6.39,4.75,,,20.5,20.5,0.69,2,,3.5,3,5,4,2,3.5,3.5,3.5,Yes,Jeremy,,0,0,0,0,0,0,0,0,0,0,0,0,0,0,0,0,0,0,0,0,0,0,0,0,0,0,0,0,0,0,0,0,0,0,0,0,0
Oscar's Mexican food,California ,1/24/16,San Marcos,225 S Rancho Santa Fe Rd,http://www.yelp.com/biz/oscars-mexican-food-san-marcos,3.5,3.3,0,5.45,3.5,,,,,,2,3.5,2.5,2.5,2,4,3.5,2.5,5,3,,Scott,Fries: 3/5; too little meat,0,0,1,1,1,1,1,0,0,0,0,0,0,0,0,0,0,0,0,0,0,0,0,0,0,0,0,0,0,0,0,0,0,0,0,0,0
Oscar's Mexican food,Carnitas,1/24/16,,,,3.5,3.3,0,4.85,1.5,,,,,,3,2,2.5,3,4.5,4,3,3,5,3,,Emily,,0,0,0,1,1,0,0,0,1,0,0,0,0,0,0,0,0,0,0,0,0,0,0,0,0,0,0,0,0,0,0,0,0,0,0,0,0
Oscar's Mexican food,Carne asada,1/24/16,,,,3.5,3.3,0,5.25,2,,,,,,3,2,3.5,3,4,5,4,4,5,3.75,,Ricardo,Go to average burrito place like Rigoberto's in la jolla; Terrible tamales,0,0,1,1,1,0,0,0,0,0,0,0,0,0,0,0,0,0,0,0,0,0,0,0,0,0,0,0,0,0,0,0,0,0,0,0,0
Papa Chito's Mexican Food,California,8/9/16,University City,3951 Governor Dr,https://www.yelp.com/biz/papa-chitos-mexican-food-san-diego,2.5,3.3,0,6.25,3.5,,,21.5,20,0.68,3.5,3.5,2.5,2.5,2.5,4,2,1.5,5,2.2,No,Scott,,0,0,1,1,0,1,1,0,0,0,0,0,0,0,0,0,0,0,0,0,0,0,0,0,0,0,0,0,0,0,0,0,0,0,0,0,0
Papa Chito's Mexican Food,California,8/9/16,,,,2.5,3.3,0,6.25,4,,,20,20,0.64,4,5,3,3,4,3.5,4,4,5,3.75,Yes,Sage,,0,0,1,1,0,1,1,0,0,0,0,0,0,0,0,0,0,0,0,0,0,0,0,0,0,0,0,0,0,0,0,0,0,0,0,0,0
Pedro's Tacos,California Burrito,5/22/16,Oceanside,,,,,0,6.5,5,,,,,,3,,4,5,4,4,,5,5,5,Yes,Erika N,,1,0,0,0,0,0,0,0,0,0,0,0,0,0,0,0,0,0,0,0,0,0,0,0,0,0,0,0,0,0,0,0,0,0,0,0,0
Pokirrito,Pokirrito classic ,5/29/16,Kearny Mesa,4646 Convoy St,https://www.yelp.com/biz/pokirrito-san-diego-2,4,4.3,1,11.95,4,,,18,23.5,0.79,3.5,4,4,4.5,2.5,2.5,3,4,2,4.2,Yes,Scott,Lotus chips add good crunch,1,0,0,0,0,0,0,0,0,0,0,0,0,0,0,0,0,0,0,0,0,0,0,0,0,0,0,0,0,0,0,0,0,1,0,0,0
Pokirrito,Mauna Lani,5/29/16,,,,4,4.3,0,11.95,3,,,20,22.75,0.82,3,4,4,4,3,2.5,4.5,4,1.5,4,Yes,Emily,,1,0,0,0,0,0,0,0,0,0,0,0,0,0,0,0,0,0,0,0,0,0,0,0,0,0,0,0,0,0,0,0,0,1,0,0,0
Pollos Maria,California,1/27/16,Carlsbad,3055 Harding St,http://pollosmaria.com/,4,3.8,1,6.59,4,,,,,,4,5,4,3.5,4.5,5,2.5,4.5,4,4.2,,Scott,,0,0,1,1,0,1,1,0,0,0,0,0,0,0,0,0,0,0,0,0,0,0,0,0,0,0,0,0,0,0,0,0,0,0,0,0,0
Pollos Maria,combo chicken,1/28/16,,,,4,3.8,0,6.99,4,,,,,,3,4,5,3.5,2.5,2.5,2.5,4,1,3.2,,Emily,,0,0,0,0,1,1,0,1,0,1,0,0,1,1,1,1,0,0,0,0,0,0,0,0,0,0,0,0,0,0,0,0,0,0,0,0,0
Pollos Maria,Combo chicken,11/26/16,,,,4,3.8,0,6.99,3.5,,,20.5,22.5,0.83,3.5,2.5,4,3.5,3,2.5,2.5,4.5,0.5,3.8,Yes,Scott,Started off really great but ended with poor uniformity and wrap integrity,0,0,0,0,0,0,0,0,0,0,0,0,0,0,0,0,0,0,0,0,0,0,0,0,0,0,0,0,0,0,0,0,0,0,0,0,0
Pollos Maria,Carne asada,11/26/16,,,,4,3.8,0,6.49,3,,,17.5,17,0.4,3.5,4,3,4,3.5,4,3,4,4.5,3.5,No,Emily,Just way too small,0,0,0,0,0,0,0,0,0,0,0,0,0,0,0,0,0,0,0,0,0,0,0,0,0,0,0,0,0,0,0,0,0,0,0,0,0
Porkyland ,Deborah's special,4/2/16,Carmel Valley,4645 Carmel Mountain Rd,http://goporkyland.com/,4,4.4,1,8.25,3.5,,,,,,4,4.5,3.5,2.5,4.5,4.5,4,3.5,5,4,,Scott,,0,0,1,0,0,0,0,0,0,0,0,0,0,0,0,0,0,0,0,0,0,0,0,0,0,0,0,1,0,0,0,0,0,0,0,0,0
Porkyland ,Chicken nopalito,4/2/16,,,,4,4.4,0,7.95,2.5,,,,,,2.5,2.5,4,3.5,3,2.5,3,3,5,3.3,,Emily,,0,0,0,0,1,0,0,0,0,1,0,0,0,0,0,0,0,0,0,1,0,0,0,0,0,0,0,1,0,0,0,0,0,0,0,0,0
Porkyland ,Chicken nopalito,4/2/16,,,,4,4.4,0,7.95,2,,,,,,4,5,4,4,3,5,3,3,5,4,,Tara,,0,0,0,0,1,0,0,0,0,1,0,0,0,0,0,0,0,0,0,1,0,0,0,0,0,0,0,1,0,0,0,0,0,0,0,0,0
Porkyland ,California,4/2/16,,,,4,4.4,0,8.75,3,,,,,,4,5,3,5,3,2,4,3,5,4,,Andy,,0,0,1,0,1,1,1,1,0,0,0,0,0,0,0,0,0,0,0,0,0,0,0,0,0,0,0,0,0,0,0,0,0,0,0,0,0
"Qdoba Mexican Grill, Seatac Airport",Custom,3/19/16,Seattle,Airport,,,,0,9.5,5,,,,,,3,3,3.5,3,4,1,3,2.5,5,3,,Sage,,1,0,0,1,1,1,0,0,1,0,0,0,1,1,1,0,0,0,0,0,0,0,0,0,0,0,0,0,0,0,0,0,0,0,0,0,0
Raul's Mexican food,Chile verde pork,3/11/16,Encinitas,490 S Coast Hwy 101,https://www.yelp.com/biz/rauls-shack-encinitas,4,4.2,0,5,3.5,,,,,,2,,2.5,2,2,2,2,2.5,,2,,Emily,,0,0,0,0,0,0,0,0,1,0,0,0,0,1,0,0,0,0,0,0,1,0,0,0,0,0,0,0,0,0,0,0,0,0,0,0,0
Raul's Mexican food,carne asada,3/11/16,,,,4,4.2,0,5,1,,,,,,2,,1,1,0.5,1,1.5,1,4,1,,Scott,burrito was mostly tortilla,0,0,1,1,1,0,0,0,0,0,0,0,0,0,0,0,0,0,0,0,0,0,0,0,0,0,0,0,0,0,0,0,0,0,0,0,0
Rigoberto's Taco Shop,Carne asada,3/8/16,Miramar,7094 Miramar Rd,https://www.yelp.com/biz/rigobertos-taco-shop-san-diego-2,4,4.4,0,6.6,3.5,,,,,,4,2,4,3.5,4.5,4,3.5,4,1,4.25,,Ricardo,,0,0,1,1,1,0,0,0,0,0,0,0,0,0,0,0,0,0,0,0,0,0,0,0,0,0,0,0,0,0,0,0,0,0,0,0,0
Rigoberto's Taco Shop,Campeon,3/8/16,,,,4,4.4,0,7.65,3.5,,,,,,3,1.5,3,3,2.5,3,3.5,2.5,4,3.4,,Scott,,0,0,1,1,1,1,1,1,0,0,0,0,0,0,0,0,0,0,0,0,0,0,0,0,0,0,0,0,0,0,0,0,0,0,0,0,0
Rigoberto's Taco Shop,California ,4/3/16,,,,4,4.4,0,6.6,3,,,,,,3,4.5,4,4.5,4,4.5,4.5,5,4.5,4.5,,Scott,,0,0,1,0,0,1,1,0,0,0,0,0,0,0,0,0,0,0,0,1,0,0,0,0,0,0,0,0,0,0,0,0,0,0,0,0,0
Rigoberto's Taco Shop,Adobada,4/3/16,,,,4,4.4,0,6.6,3,,,,,,4,5,5,5,5,4,,4.5,5,4.5,,Tara,,0,0,0,0,1,0,0,0,1,0,0,0,0,0,0,0,0,0,0,0,0,0,0,0,0,0,0,0,0,0,0,0,0,0,0,0,0
Rigoberto's Taco Shop,California,4/7/16,,,,4,4.4,0,6.6,3,,,,,,3,5,3.5,3,4.5,2.5,3,4,4,3.6,,Scott,Too much enchilada sauce this time,0,0,1,0,0,1,1,0,0,0,0,0,0,0,0,0,0,0,0,1,0,0,0,0,0,0,0,0,0,0,0,0,0,0,0,0,0
Rigoberto's Taco Shop,Surf & Turf,4/7/16,,,,4,4.4,0,7.45,3.5,,,,,,3,5,3.5,2.5,3,2.5,3.75,3,4,3,,Bankole,Would have enjoyed it more if wasn't rating; shrimp better than meat. Quality of the shrimp really improves the burrito. Well cooked and fresh. Shrimp could have had more flavor,0,0,1,0,0,1,0,0,0,0,1,0,1,0,0,0,0,0,0,0,0,0,0,0,0,0,0,0,0,0,0,0,0,0,0,0,0
Rigoberto's Taco Shop,El Rusio,5/13/16,,,,4,4.4,0,6.65,4,,,21.5,23,0.91,3,4.5,2.5,2,3.5,5,1.5,2,1.5,2.5,No,Scott,Fries are terrible. Burrito leaked,0,0,1,1,0,1,1,0,0,0,0,0,0,0,0,0,0,0,0,0,0,0,0,0,0,0,0,0,0,0,0,0,0,0,0,0,0
Rigoberto's Taco Shop,Carne asada,5/13/16,,,,4,4.4,0,6.6,4,,,22,22,0.85,4,3.5,4,4,3.5,4,4,4.5,4.5,4,Yes,Ricardo,,0,0,1,1,1,0,0,0,0,0,0,0,0,0,0,0,0,0,0,0,0,0,0,0,0,0,0,0,0,0,0,0,0,0,0,0,0
Rigoberto's Taco Shop,Carne asada,5/13/16,,,,4,4.4,0,6.6,4.5,,,23,22,0.89,4,3,3,3,3.5,3,,3.5,4.5,3,Yes,Erin,Meat was too salty,0,0,1,1,1,0,0,0,0,0,0,0,0,0,0,0,0,0,0,0,0,0,0,0,0,0,0,0,0,0,0,0,0,0,0,0,0
Rigoberto's Taco Shop,Carnitas,5/13/16,,,,4,4.4,0,7.5,4,,,23.5,22.5,0.95,4,5,4,5,5,4,5,4,4,4,Yes,Elynn,,0,0,0,1,1,0,0,0,1,0,0,0,0,0,0,0,0,0,0,0,0,0,0,0,0,0,0,0,0,0,0,0,0,0,0,0,0
Rigoberto's Taco Shop,Bacon breakfast,5/13/16,,,,4,4.4,0,6.25,3.5,,,22,22,0.85,4,3.5,4,4,5,5,,5,4.5,4.2,Yes,Luis,,0,0,0,0,0,1,1,0,0,0,0,0,0,0,0,0,0,0,0,0,0,0,0,0,0,0,0,0,0,0,1,0,1,0,0,0,0
Rigoberto's Taco Shop,Chile Relleno,5/13/16,,,,4,4.4,0,6.6,5,,,23,24,1.05,5,4,,5,5,4,,5,3,4.5,Yes,Matteo,,1,0,0,0,0,1,0,1,0,0,0,0,0,0,1,0,0,0,0,1,0,0,0,0,0,0,1,0,0,0,0,0,0,0,0,0,0
Rigoberto's Taco Shop,Fish,5/13/16,,,,4,4.4,0,6,2,,,23,23.5,1.01,5,4.5,5,5,5,5,,5,4,5,Yes,Aga,,1,0,0,0,0,0,0,0,0,0,0,1,0,0,1,0,0,0,0,0,0,1,1,0,0,0,0,0,0,0,0,0,0,0,0,0,0
Rigoberto's Taco Shop,Al pastor,4/20/15,,,,4,4.4,0,,4,,,,,,5,,5,5,5,4,5,5,5,4.8,Yes,Erica,,1,0,0,0,0,0,0,0,0,0,0,0,0,0,0,0,0,0,0,0,0,0,0,0,0,0,0,0,0,0,0,0,0,0,0,0,0
Rigoberto's Taco Shop,Campeon,9/27/16,,,,4,4.4,0,7.65,4.5,,,26,24.5,1.24,3.5,4.5,2.5,2.5,1,1.5,3,2.5,3,2.7,No,Scott,"The big size was too big of an appeal, but there's just not enough meat",0,0,1,1,1,1,1,1,0,0,0,0,0,0,0,0,0,0,0,0,0,0,0,0,0,0,0,0,0,0,0,0,0,0,0,0,0
Rigoberto's Taco Shop,California,9/27/16,,,,4,4.4,0,6.6,3.5,,,22,23,0.93,4,4.5,4,4,4.5,5,4.5,4.5,4.5,4.25,Yes,Ricardo,,0,0,0,0,0,0,0,0,0,0,0,0,0,0,0,0,0,0,0,0,0,0,0,0,0,0,0,0,0,0,0,0,0,0,0,0,0
Rigoberto's Taco Shop,Bacon breakfast,9/27/16,,,,4,4.4,0,6.3,4,,,22,22,0.85,4,3.6,4,4,4,4,,4,4,4.2,Yes,Luis,,0,0,0,0,0,1,1,0,0,0,0,0,0,0,0,0,0,0,0,0,0,0,0,0,0,0,0,0,0,0,1,0,1,0,0,0,0
Rigoberto's Taco Shop,Carnitas,9/27/16,,,,4,4.4,0,6.6,3,,,,,,4,4,5,5,4.5,3,2,4,4,4,Yes,Elynn,,0,0,0,1,1,0,0,0,1,0,0,0,0,0,0,0,0,0,0,0,0,0,0,0,0,0,0,0,0,0,0,0,0,0,0,0,0
Rigoberto's Taco Shop,California,1/4/17,,,,4,4.4,0,6.6,0,,,23,20.5,0.77,4,4.5,4,3.5,3.5,5,1.5,3.5,4.5,3.7,Yes,Scott,Usually better. Too much enchilada sauce this time,0,0,0,0,0,0,0,0,0,0,0,0,0,0,0,0,0,0,0,0,0,0,0,0,0,0,0,0,0,0,0,0,0,0,0,0,0
Rigoberto's Taco Shop,Chile Relleno,1/4/17,,,,4,4.4,0,6.6,0,,,20.5,21.5,0.75,4,2,,4,,4.6,4.2,3.75,5,3.9,Yes,Sage,Orange salsa very spicy,0,0,0,0,0,0,0,0,0,0,0,0,0,0,0,0,0,0,0,0,0,0,0,0,0,0,0,0,0,0,0,0,0,0,0,0,0
Rigoberto's Taco Shop,California,5/17/17,,,,4,4.4,0,6.85,4,,,23.5,23,0.99,3.5,5,3.3,3,5,2,3,3.8,3.5,3.9,,Scott,,0,0,0,0,0,0,0,0,0,0,0,0,0,0,0,0,0,0,0,0,0,0,0,0,0,0,0,0,0,0,0,0,0,0,0,0,0
Rigoberto's Taco Shop,California,5/17/17,,,,4,4.4,0,6.85,4,,,23.5,23.5,1.03,4,5,4,4,5,3.5,2,3.5,4,4,,Elynn,,0,0,0,0,0,0,0,0,0,0,0,0,0,0,0,0,0,0,0,0,0,0,0,0,0,0,0,0,0,0,0,0,0,0,0,0,0
Rigoberto's Taco Shop,California ,9/5/17,,,,4,4.4,0,6.85,3.5,,,22.5,22.5,0.91,3,4.5,3.8,3.8,4,3.5,3.5,4,3,4.1,,Scott,,0,0,0,0,0,0,0,0,0,0,0,0,0,0,0,0,0,0,0,0,0,0,0,0,0,0,0,0,0,0,0,0,0,0,0,0,0
Rigoberto's Taco Shop,California ,9/5/17,,,,4,4.4,0,6.85,3.5,,,22.2,22.5,0.89,3,4.5,4,4,4.5,3,4,4,3.5,4.25,,Sage,,0,0,0,0,0,0,0,0,0,0,0,0,0,0,0,0,0,0,0,0,0,0,0,0,0,0,0,0,0,0,0,0,0,0,0,0,0
Rigoberto's Taco Shop La Jolla,California,2/17/16,La Jolla,7345 La Jolla Blvd,https://www.yelp.com/biz/rigobertos-la-jolla-2,2.5,4,0,6.4,4,,,,,,3,4,2.75,3,4,2,2,,5,3,,Leo,,0,0,1,1,0,0,1,0,0,0,0,0,0,0,0,0,0,0,0,0,0,0,0,0,0,0,0,0,0,0,0,0,0,0,0,0,0
Rigoberto's Taco Shop La Jolla,California,2/17/16,,,,2.5,4,0,6.4,2.5,,,,,,3.5,3,3,3,4,4,1.5,,4.5,3.5,,Scott,,0,0,1,1,0,0,1,0,0,0,0,0,0,0,0,0,0,0,0,0,0,0,0,0,0,0,0,0,0,0,0,0,0,0,0,0,0
Rigoberto's Taco Shop La Jolla,California,2/15/17,,,,2.5,4,0,6.85,3.5,,,,,,3,2,3.5,3.5,4,3,3.5,3.5,4.5,3.6,,Scott,,0,0,0,0,0,0,0,0,0,0,0,0,0,0,0,0,0,0,0,0,0,0,0,0,0,0,0,0,0,0,0,0,0,0,0,0,0
Rigoberto's Taco Shop La Jolla,California,2/15/17,,,,2.5,4,0,6.85,4,,,,,,5,5,4.5,4,5,4,4,5,5,4.3,,Nihal,,0,0,0,0,0,0,0,0,0,0,0,0,0,0,0,0,0,0,0,0,0,0,0,0,0,0,0,0,0,0,0,0,0,0,0,0,0
Roberto's Taco Shop Clairemont,California,9/11/16,Clairemont,3095 Clairemont Dr,https://www.yelp.com/biz/robertos-taco-shop-clairemont-san-diego,4,4,0,5.79,4,,,,,,3,4.5,4,4,4,5,2.5,3,5,3.6,Yes,Scott,Fries are really good but the overall flavor is plain because lack of ingredients,0,0,1,0,0,1,1,0,0,0,0,0,0,0,0,0,0,0,0,0,0,0,0,0,0,0,0,0,0,0,0,0,0,0,0,0,0
Roberto's Taco Shop Clairemont,California,9/11/16,,,,4,4,0,5.79,4,,,,,,4,3,4,2.5,3.5,4,2,2.5,5,3,No,Benni,,0,0,1,0,0,1,1,0,0,0,0,0,0,0,0,0,0,0,0,0,0,0,0,0,0,0,0,0,0,0,0,0,0,0,0,0,0
Roberto's Taco Shop Clairemont,California + Guac + sour cream,9/11/16,,,,4,4,0,7.29,3.7,,,,,,3.8,4.7,4,3.5,4.5,4,4,4.5,5,4,Yes,Luis,,0,0,1,0,1,1,1,1,0,0,0,0,0,0,0,0,0,0,0,0,0,0,0,0,0,0,0,0,0,0,0,0,0,0,0,0,0
Roberto's Taco Shop Clairemont,Carne asada,9/11/16,,,,4,4,0,5.69,3,,,,,,4,3,1.5,3,4,4.5,3.5,2,4.5,3,No,Ricardo,,0,0,1,0,1,0,0,0,0,0,0,0,0,0,0,0,0,0,0,0,0,0,0,0,0,0,0,0,0,0,0,0,0,0,0,0,0
Roberto's Taco Shop Hillcrest,Asada,5/30/17,Hillcrest,420 Robinson Ave,https://www.yelp.com/biz/robertos-taco-shop-hillcrest-san-diego,4,4.2,0,7,3.5,450,0.625,19.5,21.5,0.72,4,4,2,2.5,4.5,4,3,2.9,4.5,2.8,,Scott,,0,0,1,1,1,0,0,0,0,0,0,0,0,0,0,0,0,0,0,0,0,0,0,0,0,0,0,0,0,0,0,0,0,0,0,0,0
Roberto's Taco Shop Hillcrest,California Surf and Turf,5/30/17,,,,4,4.2,0,9,3,,,24,22,0.92,3.5,4,4,4,4.5,4.5,2,3.5,4,4,,Richard,,0,0,0,0,0,0,0,0,0,0,0,0,0,0,0,0,0,0,0,0,0,0,0,0,0,0,0,0,0,0,0,0,0,0,0,0,0
Roberto's Taco Shop Hillcrest,California,5/30/17,,,,4,4.2,0,7,3.5,,,23,21.5,0.85,3,3,2,2,3,2,3,2,3,2.2,,Tom,,0,0,1,0,0,1,1,1,0,0,0,0,0,0,0,0,0,0,0,0,0,0,0,0,0,0,0,0,0,0,0,0,0,0,0,0,0
Roberto's Taco Shop Hillcrest,Golden State,8/14/17,,,,4,4.2,0,25,4,,,21.5,24,0.99,3.8,4.4,4,3.8,4,4,4,4,5,4.2,,Scott,Good. but just get a regular Cali.,1,0,0,0,0,0,0,0,0,0,0,0,0,0,0,0,0,0,0,0,0,0,0,0,0,0,0,0,0,0,0,0,0,0,0,0,0
Roberto's Taco Shop Hillcrest,California,8/14/17,,,,4,4.2,0,7,4,,,19.5,21.5,0.72,4.5,5,4,4,4,3.7,3.8,4.6,4.8,4.2,,Simon,,0,0,0,0,0,0,0,0,0,0,0,0,0,0,0,0,0,0,0,0,0,0,0,0,0,0,0,0,0,0,0,0,0,0,0,0,0
Roberto's Very Mexican Food,Chicken asada,5/24/16,Del Mar,2206 Carmel Valley Road,https://www.yelp.com/biz/robertos-very-mexican-food-del-mar-2,3.5,3.9,0,6.5,2,,,18.5,21.5,0.68,1.5,4,2,2,4.5,1,1,2,5,1.5,No,Scott,,0,0,0,1,1,0,0,0,0,1,0,0,0,0,0,0,0,0,0,0,0,0,0,0,0,0,0,0,0,0,0,0,0,0,0,0,0
Roberto's Very Mexican Food,Carnitas,5/24/16,,,,3.5,3.9,0,5.4,3,,,18,20,0.57,2,3.5,4,2.5,3.5,1.5,1.5,3,5,2.7,No,Emily,,0,0,0,1,1,0,0,0,1,0,0,0,0,0,0,0,0,0,0,0,0,0,0,0,0,0,0,0,0,0,0,0,0,0,0,0,0
Rubios UCSD,Tilapia one,8/30/16,UTC,9500 Gilman Dr,https://www.yelp.com/biz/rubios-la-jolla-4,3.5,3.4,1,7.99,3.5,,,17,20,0.54,1.5,4,3,3,1.5,4.5,2.5,3,1.5,3.2,No,Scott,,0,0,0,0,1,0,0,0,0,0,0,1,1,0,0,0,0,0,1,0,0,0,0,0,0,0,0,0,0,0,0,0,0,0,0,1,0
Rubios UCSD,Grilled fish salmon,5/17/17,,,,3.5,3.4,0,8.99,4,350,0.744680851,15.5,19.5,0.47,3.5,3,3.5,3.5,4,2,4,4,4,3.4,,Tom,,0,0,0,0,0,0,0,0,0,0,0,1,1,0,0,0,0,0,1,0,0,0,0,0,0,0,0,0,0,0,0,0,0,0,0,1,0
Rudy's Taco Shop,Chicken,4/9/16,Solana Beach,524 Stevens Ave,http://www.rudystacoshop.com/,4,4.3,0,6.6,3.5,,,,,,3.5,3,4,4.5,3,1,3,4,0.5,2.8,No,Scott,"Salsa Fresca is good, way too small",0,0,0,1,1,0,0,0,0,1,0,0,0,0,0,0,0,0,0,0,0,0,0,0,0,0,0,0,0,0,0,0,0,0,0,0,0
Rudy's Taco Shop,Carnitas,4/9/16,,,,4,4.3,0,6.6,3,,,,,,3,2.5,3,4,2,1,3,3,5,3,No,Emily,,0,0,0,1,1,0,0,0,1,0,0,0,0,0,0,0,0,0,0,0,0,0,0,0,0,0,0,0,0,0,0,0,0,0,0,0,0
Saguaro's ,Vegetarian,6/20/16,,,,,,0,5.25,4,,,,,,4,5,,5,4,4,5,5,5,4.8,Yes,Brian,"Great rice and beans burrito, doesn't come with cheese or sour cream. ",1,0,0,0,0,0,0,0,0,0,0,0,0,0,0,0,0,0,0,0,0,0,0,0,0,0,0,0,0,0,0,0,0,0,0,0,0
Senor Grubby's,California,4/24/16,Carlsbad,377 Carlsbad Village Dr,eatgrubbys.com,4,4.1,0,9,2,,,19,21.5,0.7,2,3.5,3,1.5,1,1,2.5,1.5,3.5,1.5,No,Scott,"The ends of the burrito were decent, but the middle was terrible without much meat",0,0,1,1,0,1,1,0,0,0,0,0,0,0,0,0,0,0,0,0,0,0,0,0,0,0,0,0,0,0,0,0,0,0,0,0,0
Senor Grubby's,Pastor,4/24/16,,,,4,4.1,0,9,2,,,18.5,23,0.78,2.5,2.5,1.5,2.5,1,2,2.5,2,5,1.8,No,Emily,,0,0,0,0,1,0,0,0,1,0,0,0,0,0,0,0,0,0,0,0,0,1,1,0,0,0,0,0,0,0,0,0,0,0,0,0,0
Senor Panchos,Pollo asado,8/21/16,San Marcos,1909 W San Marcos Blvd,https://www.yelp.com/biz/senor-panchos-mexican-restaurant-san-marcos,4,4.2,0,6.25,3.5,,,21.5,19.5,0.65,2.5,3.5,3,3,5,4.5,3.5,2,5,2.9,No,Scott,"guac is good, very avocado-y",0,0,0,0,0,0,0,0,0,0,0,0,0,0,0,0,0,0,0,0,0,0,0,0,0,0,0,0,0,0,0,0,0,0,0,0,0
Senor Panchos,California,8/21/16,,,,4,4.2,0,6.25,3,,,21,19.5,0.64,3,4,4,3,3.5,4.5,4,4,5,4,Yes,Emily,feels very dense; a lot of meat,0,0,0,0,0,0,0,0,0,0,0,0,0,0,0,0,0,0,0,0,0,0,0,0,0,0,0,0,0,0,0,0,0,0,0,0,0
Sotos Mexican Food,California,5/4/16,Miramar ,6904 Miramar Rd,https://www.yelp.com/biz/sotos-mexican-food-san-diego,4.5,4.6,1,6.75,3,,,22.5,23,0.95,4.5,4,3,4,1,3,4.5,3.5,4.5,3.5,Yes,Scott,Fries are good. Too little meat,0,0,1,0,1,1,1,1,0,0,0,0,0,0,0,0,0,0,0,0,0,0,0,0,0,0,0,0,0,0,0,0,0,0,0,0,0
Sotos Mexican Food,Pastor,5/4/16,,,,4.5,4.6,0,5.99,2,,,21,22,0.81,4,2,2.5,4,4,3,3.5,4,5,3.2,No,Emily,Free lime. Ingredients chopped finely,0,0,0,0,1,0,0,0,1,0,0,0,0,0,0,0,0,0,0,0,0,1,1,0,0,0,0,0,0,0,0,0,0,0,0,0,0
Storehouse Kitchen ,Breakfast,10/17/16,La  Jolla village,,,,,0,,3.5,,,,,,4,5,4.5,4.2,4.7,4.4,4,4.9,5,4.6,yes ,Sage,one if the best breakfast burritos I've ever had,1,0,0,0,0,0,0,0,0,0,0,0,0,0,0,0,0,0,0,0,0,0,0,0,0,0,0,0,0,0,0,0,0,0,0,0,0
Taco Stand,California,2/12/16,La Jolla,621 Pearl St,http://letstaco.com/,4.5,4.4,0,7.49,4,,,,,,3,2.5,4,4,3.5,2.5,3.5,5,4.5,4.2,,Emily,Horchata is very sweet,0,0,1,1,1,1,1,1,0,0,0,0,0,0,0,0,0,0,0,0,0,0,0,0,0,0,0,0,0,0,0,0,0,0,0,0,0
Taco Stand,Surf and turf ,2/12/16,,,,4.5,4.4,0,8.49,2.5,,,,,,4,4,4.5,4,5,4.5,3.5,4,2,4.1,,Scott,,0,0,1,1,1,0,0,0,0,0,1,0,0,0,0,0,0,0,1,0,0,1,0,0,0,0,0,0,0,0,0,0,0,0,0,0,0
Taco Stand,California,2/28/16,,,,4.5,4.4,0,7.49,2.5,,,,,,4,3,4,4,4,4,4,4,3,4.6,,Scott,,0,0,1,1,1,1,1,1,0,0,0,0,0,0,0,0,0,0,0,0,0,0,0,0,0,0,0,0,0,0,0,0,0,0,0,0,0
Taco Stand,California,2/28/16,,,,4.5,4.4,0,7.49,2.5,,,,,,3,2,4.5,4,4,3.5,3,4.5,4.5,4.5,,Emily,,0,0,1,1,1,1,1,1,0,0,0,0,0,0,0,0,0,0,0,0,0,0,0,0,0,0,0,0,0,0,0,0,0,0,0,0,0
Taco stand,Carne asada,3/18/16,,,,4.5,4.4,0,7.89,1,,,,,,3,3.5,4.5,4,5,5,4.5,3.5,5,4.2,,Scott,,0,0,1,1,1,0,0,0,0,0,0,0,0,0,0,0,0,0,0,0,0,0,0,0,0,0,0,0,0,0,0,0,0,0,0,0,0
Taco stand,Al pastor,3/18/16,,,,4.5,4.4,0,6.99,4,,,,,,4,3,3.5,3,4,5,3,3.5,5,3.5,,Emily,Kind of dry ,0,0,0,0,0,0,0,0,1,0,0,0,0,0,0,0,0,0,0,0,0,1,1,0,1,0,0,0,0,0,0,0,0,0,0,0,0
Taco stand,Carne asada,4/14/16,,,,4.5,4.4,0,7.89,3.5,,,,,,3,2,4.5,4,4,1.5,4.5,4.5,4.5,4.4,Yes,Scott,Too small ,0,0,1,1,1,0,0,0,0,0,0,0,0,0,0,0,0,0,0,0,0,0,0,0,0,0,0,0,0,0,0,0,0,0,0,0,0
Taco stand,Carne asada,4/14/16,,,,4.5,4.4,0,7.89,2,,,,,,3,2.5,4.5,3.5,4.5,3,4,3.5,5,3.5,Yes,Richard,A little small. No rice and beans or cheese or sour cream,0,0,1,1,1,0,0,0,0,0,0,0,0,0,0,0,0,0,0,0,0,0,0,0,0,0,0,0,0,0,0,0,0,0,0,0,0
Taco stand,California,4/25/26,,,,4.5,4.4,0,8,4,,,21.59,,,4.5,5,5,5,4.5,5,3,5,5,4.9,Yes,Sage,A wonderful eating experience. best California burrito I've ever had by far. ,0,0,1,1,1,1,1,0,0,0,0,0,0,0,0,0,0,0,0,0,0,0,0,0,0,0,0,0,0,0,0,0,0,0,0,0,0
Taco stand,California,5/6/16,,,,4.5,4.4,0,7.49,3.5,,,19,22,0.73,3.5,4,4,4,3.5,3,4,4.5,3,4.2,Yes,Scott,Less meat than usual,0,0,1,1,1,1,1,1,0,0,0,0,0,0,0,0,0,0,0,0,0,0,0,0,0,0,0,0,0,0,0,0,0,0,0,0,0
Taco stand,California,5/6/16,,,,4.5,4.4,0,7.49,4,,,16.5,25,0.82,4,3.5,4,4,4.5,5,4.5,5,4.5,4.5,Yes,Ricardo,,0,0,1,1,1,1,1,1,0,0,0,0,0,0,0,0,0,0,0,0,0,0,0,0,0,0,0,0,0,0,0,0,0,0,0,0,0
Taco stand,California,5/6/16,,,,4.5,4.4,0,7.49,4,,,17,25.5,0.88,3,3,4,3.5,3.5,4,3.5,4,2.5,3.7,Yes,Luis,,0,0,1,1,1,1,1,1,0,0,0,0,0,0,0,0,0,0,0,0,0,0,0,0,0,0,0,0,0,0,0,0,0,0,0,0,0
Taco stand,California,5/6/16,,,,4.5,4.4,0,7.49,3,,,17.7,21.5,0.65,4,2,5,5,1,3,5,4,3,4,Yes,Elynn,,0,0,1,1,1,1,1,1,0,0,0,0,0,0,0,0,0,0,0,0,0,0,0,0,0,0,0,0,0,0,0,0,0,0,0,0,0
Taco stand,California,5/6/16,,,,4.5,4.4,0,7.49,1,,,20,23.5,0.88,4,3,4,4.5,5,4.5,3,4.5,4,4,Yes,Sandra,,0,0,1,1,1,1,1,1,0,0,0,0,0,0,0,0,0,0,0,0,0,0,0,0,0,0,0,0,0,0,0,0,0,0,0,0,0
Taco stand,Carne asada,5/6/16,,,,4.5,4.4,0,7.89,4,,,18,25,0.9,4,2,4,3,4,4,4,3.5,4,3.5,Yes,Brent,,0,0,1,1,1,0,0,0,0,0,0,0,0,0,0,0,0,0,0,0,0,0,0,0,0,0,0,0,0,0,0,0,0,0,0,0,0
Taco stand,Shrimp,5/6/16,,,,4.5,4.4,0,8.95,5,,,17,22,0.65,4,4,5,5,5,4,5,5,5,5,Yes,Sankeerth,,1,0,0,0,0,0,0,0,0,0,0,0,0,0,0,0,0,0,0,0,0,0,0,0,0,0,0,0,0,0,0,0,0,0,0,0,0
Taco Stand,Al pastor,6/6/16,,,,4.5,4.4,0,6.99,3.5,,,18.5,21,0.65,4,3.5,4,3.5,4,5,2.5,4,4.5,3.9,Yes,Scott,,0,0,0,0,0,0,0,0,1,0,0,0,0,0,0,0,0,0,0,1,0,1,1,0,1,0,0,0,0,0,0,0,0,0,0,0,0
Taco Stand,Al pastor,6/6/16,,,,4.5,4.4,0,6.99,5,,,,,,4,4,4,4,2,3,3,4,3,3.5,Yes,Brad P,,0,0,0,0,0,0,0,0,1,0,0,0,0,0,0,0,0,0,0,1,0,1,1,0,1,0,0,0,0,0,0,0,0,0,0,0,0
Taco Stand,California ,8/17/16,,,,4.5,4.4,0,7.49,2,,,18.5,21.5,0.68,4,5,4.5,3.5,3.5,2,3.5,4,5,4,Yes,Scott,,0,0,1,1,1,1,1,1,0,0,0,0,0,0,0,0,0,0,0,0,0,0,0,0,0,0,0,0,0,0,0,0,0,0,0,0,0
Taco Stand,California ,8/17/16,,,,4.5,4.4,0,7.49,2.5,,,16.5,23.5,0.73,3.5,5,4,3,4,4.5,3,3.5,5,4,Yes,TJ,,0,0,1,1,1,1,1,1,0,0,0,0,0,0,0,0,0,0,0,0,0,0,0,0,0,0,0,0,0,0,0,0,0,0,0,0,0
Taco Stand,Al Pastor,9/16/16,,,,4.5,4.4,0,6.99,4,,,,,,4.5,4,4.5,4.5,4.5,4.5,4.5,5,4,4.5,Yes,Mike,,0,0,0,0,0,0,0,0,0,0,0,0,0,0,0,0,0,0,0,0,0,0,0,0,0,0,0,0,0,0,0,0,0,0,0,0,0
Taco Stand,California,9/16/16,,,,4.5,4.4,0,7.49,4.1,,,,,,4,4.5,4.5,4.5,4.7,4.5,4.2,4.5,5,4.7,Yes,Luis,,0,0,0,0,0,0,0,0,0,0,0,0,0,0,0,0,0,0,0,0,0,0,0,0,0,0,0,0,0,0,0,0,0,0,0,0,0
Taco Stand,California ,12/29/17,,,,4.5,4.4,0,7.89,4,,,19,23,0.8,4,3,4,4,3,4,3.5,4.3,4.5,4.2,,Scott,,0,0,0,0,0,0,0,0,0,0,0,0,0,0,0,0,0,0,0,0,0,0,0,0,0,0,0,0,0,0,0,0,0,0,0,0,0
Taco Stand,California ,12/29/17,,,,4.5,4.4,0,7.89,5,,,20,21.5,0.74,5,5,5,5,4,4,5,5,3,4.5,,Ben S,,0,0,0,0,0,0,0,0,0,0,0,0,0,0,0,0,0,0,0,0,0,0,0,0,0,0,0,0,0,0,0,0,0,0,0,0,0
Taco Stand Encinitas,California ,10/29/16,Encinitas ,642 S Coast Hwy 101,https://www.yelp.com/biz/the-taco-stand-encinitas,4,4.4,0,7.49,4,,,17.5,23.5,0.77,2,3.5,4.2,4.3,4,2.2,4.5,4,2.2,4.2,Yes,Scott,Much better than the first time we tried this location ,0,0,0,0,0,0,0,0,0,0,0,0,0,0,0,0,0,0,0,0,0,0,0,0,0,0,0,0,0,0,0,0,0,0,0,0,0
Taco Stand Encinitas,California ,10/29/16,,,,4,4.4,0,7.49,2,,,18.5,22,0.71,3.8,3.8,4,4.2,3.75,4,4.75,4.4,3.8,4.2,Yes,Emily,Possibly favorite green salsa so far,0,0,0,0,0,0,0,0,0,0,0,0,0,0,0,0,0,0,0,0,0,0,0,0,0,0,0,0,0,0,0,0,0,0,0,0,0
Taco Stand Encinitas,California,6/10/17,,,,4,4.4,0,7.89,4,,,18,21.5,0.66,3,,4,4,4.5,4,4.5,4.5,5,4.5,,Emily,,0,0,0,0,0,0,0,0,0,0,0,0,0,0,0,0,0,0,0,0,0,0,0,0,0,0,0,0,0,0,0,0,0,0,0,0,0
Taco Stand Encinitas ,California,6/10/17,,,,4,4.4,0,7.89,4,,,19,22.5,0.77,3,,4.5,4,4.5,4.5,4.5,4.8,3.3,4.7,,Scott,,0,0,0,0,0,0,0,0,0,0,0,0,0,0,0,0,0,0,0,0,0,0,0,0,0,0,0,0,0,0,0,0,0,0,0,0,0
Taco Surf PB,California,5/23/16,Pacific Beach,4657 Mission Blvd,https://www.yelp.com/biz/taco-surf-taco-shop-san-diego,4,4.6,0,7.14,3.5,,,20,23,0.84,4,2,4,5,4,2,4,4.5,5,4.4,Yes,Scott,not too much rice,0,0,1,0,1,1,1,1,0,0,0,0,1,0,0,0,0,0,0,0,0,0,0,0,0,0,0,0,0,0,0,0,0,0,0,0,0
Taco Surf PB,California,5/23/16,,,,4,4.6,0,7.14,5,,,20.5,24,0.94,4,2,4.5,4,3.5,2,3,4,4,4.1,Yes,Sage,hashbrowns instead of fries; anterior-posterior uniformity is good but medial-lateral is bad,0,0,1,0,1,1,1,1,0,0,0,0,1,0,0,0,0,0,0,0,0,0,0,0,0,0,0,0,0,0,0,0,0,0,0,0,0
Taco Surf PB,Carne asada,5/23/16,,,,4,4.6,0,6.02,3.2,,,19.5,20.5,0.65,4.5,2,3.3,3.4,4.5,4.5,3.8,3.7,5,3.7,Yes,Dan,one hot side and one cold side from the guac,0,0,1,0,1,0,0,0,0,0,0,0,0,0,0,0,0,0,0,0,0,0,0,0,0,0,0,0,0,0,0,0,0,0,0,0,0
Taco Villa,Carnitas,9/26/16,UTC,9500 Gilman Dr,https://www.yelp.com/biz/taco-villa-san-diego,3.5,3.5,0,5.99,2.5,,,18.5,20,0.59,3.2,3.8,4.5,2.8,4,2,1.8,3.5,5,4,Yes,Scott,Carnitas very good,0,0,0,1,1,0,0,0,1,0,0,0,0,0,0,0,0,0,0,0,0,0,0,0,0,0,0,0,0,0,0,0,0,0,0,0,0
Taco Villa,Al pastor,9/29/16,,,,3.5,3.5,0,5.99,4,,,18,20,0.57,3.5,3.5,2,3,4.5,4.5,3,3,5,3.2,No,Scott,get the carnitas,0,0,0,1,1,0,0,0,1,0,0,0,0,0,0,0,0,0,0,0,0,0,0,0,0,0,0,0,0,0,0,0,0,0,0,0,0
Taco Villa,Chicken and rice,10/12/16,,,,3.5,3.5,0,4.95,3,,,,,,3.5,5,4,4,3.78,5,,4.7,5,4.2,yes,Sage,chicken and rice burrito. simple and delicious. ,0,0,0,0,0,0,0,0,0,0,0,0,0,0,0,0,0,0,0,0,0,0,0,0,0,0,0,0,0,0,0,0,0,0,0,0,0
Taco Villa,California ,10/17/16,,,,3.5,3.5,0,6.99,3.5,,,19,20,0.6,3,3,3,3,3.7,3.5,3.8,3,5,3.5,Yes,Scott,Pretty decent,0,0,1,0,0,1,1,1,0,0,0,0,0,0,0,0,0,0,0,0,0,0,0,0,0,0,0,0,0,0,0,0,0,0,0,0,0
Taco Villa,Breakfast,10/18/16,,,,3.5,3.5,0,4.99,4,,,,,,4.5,5,3,3,3,2.5,0,2.5,5,3,yes,Sage,pretty standard breakfast burrito. eggs and cheese. great tortilla! morning protein!,0,0,0,0,0,0,0,0,0,0,0,0,0,0,0,0,0,0,0,0,0,0,0,0,0,0,0,0,0,0,0,0,0,0,0,0,0
Taco Villa,Carnitas,10/27/16,,,,3.5,3.5,0,5.95,3,,,18,20,0.57,4,3,4,3,4,2,3.5,3,5,3.9,Yes,Scott,,0,0,0,1,1,0,0,0,1,0,0,0,0,0,0,0,0,0,0,0,0,0,0,0,0,0,0,0,0,0,0,0,0,0,0,0,0
Taco Villa,Tejano,10/27/16,,,,3.5,3.5,0,6.99,3.5,,,19,21,0.67,2,5,4.2,3,4.7,5,3.7,4.2,5,4,Yes,Sage,,0,0,0,0,0,1,1,0,0,1,0,0,0,0,0,0,0,0,0,0,0,0,0,0,0,0,0,0,0,0,0,0,0,0,0,0,0
Taco Villa,Al pastor,10/27/16,,,,3.5,3.5,0,,4.5,,,,,,3,4,4,4,4,4,4,4,3,4,Yes,Marc,,0,0,0,1,0,0,0,0,1,0,0,0,0,1,0,0,0,0,0,0,0,0,0,0,0,0,0,0,0,0,0,0,0,0,0,0,0
Taco Villa,Shrimp with guac,10/27/16,,,,3.5,3.5,0,,2,,,,,,2,4,3,4,4,4,3,4,4,3,Yes,Jeremy,,0,0,0,0,0,0,0,0,0,0,0,0,0,0,0,0,0,0,0,0,0,0,0,0,0,0,0,0,0,0,0,0,0,0,0,0,0
Taco Villa,Bean & cheese,10/27/16,,,,3.5,3.5,0,,3,,,,,,5,5,,3,2,2,,1,5,2,No,Shijia,,0,0,0,0,0,1,0,0,0,0,0,0,0,1,0,0,0,0,0,0,0,0,0,0,0,0,0,0,0,0,0,0,0,0,0,0,0
Taco Villa,Chicken,1/10/17,,,,3.5,3.5,0,4.99,3.5,,,18.5,22.5,0.75,2.5,4.5,3,2.5,3,3,2,2,4,3,,Scott,Somehow way better when it was leftover,0,0,0,0,0,0,0,0,0,0,0,0,0,0,0,0,0,0,0,0,0,0,0,0,0,0,0,0,0,0,0,0,0,0,0,0,0
Taco Villa,Pollo asado,1/20/17,,,,3.5,3.5,0,5.99,4.5,,,18.5,21,0.65,2,4,2.5,3.5,4.5,3,2,1.5,3.4,3.1,,Scott,,0,0,0,0,0,0,0,0,0,0,0,0,0,0,0,0,0,0,0,0,0,0,0,0,0,0,0,0,0,0,0,0,0,0,0,0,0
Taco Villa,Al pastor,1/20/17,,,,3.5,3.5,0,6.99,3.5,,,18.5,20.5,0.62,2.5,4.5,4,4,2,3,3,3,4,3,,Ricardo ,,0,0,0,0,0,0,0,0,0,0,0,0,0,0,0,0,0,0,0,0,0,0,0,0,0,0,0,0,0,0,0,0,0,0,0,0,0
Taco Villa,California,2/21/17,,,,3.5,3.5,0,,4.3,,,18.5,21.5,0.68,3,3,3.5,4,3,1.5,3.8,4,5,4,,Scott,Salsa much better this time than before,0,0,0,0,0,0,0,0,0,0,0,0,0,0,0,0,0,0,0,0,0,0,0,0,0,0,0,0,0,0,0,0,0,0,0,0,0
Taco Villa,Carnitas,4/25/17,,,,3.5,3.5,0,5.99,4,450,0.703125,20,20,0.64,2,4.5,4.5,3,3.8,4.4,2.5,3.5,3,4,,Scott,,0,0,0,1,1,0,0,0,1,0,0,0,0,0,0,0,0,0,0,0,0,0,0,0,0,0,0,0,0,0,0,0,0,0,0,0,0
Taco Villa,Carnitas,4/25/17,,,,3.5,3.5,0,5.99,4,,,18.5,20,0.59,4,4,4,3,4,3.5,2.5,3.5,5,3.5,,Richard,,0,0,0,1,1,0,0,0,1,0,0,0,0,0,0,0,0,0,0,0,0,0,0,0,0,0,0,0,0,0,0,0,0,0,0,0,0
Taco Villa,Carne asada,7/12/17,,,,3.5,3.5,0,6.99,3,,,,,,3,4.5,2,3,2.5,4,2,2,4,2,,Richard,,0,0,0,0,0,0,0,0,0,0,0,0,0,0,0,0,0,0,0,0,0,0,0,0,0,0,0,0,0,0,0,0,0,0,0,0,0
Taco VIlla,California,7/19/17,,,,3.5,3.5,0,6.99,4,,,20.5,21.5,0.75,4,,3.5,3.5,3.5,3.5,3.5,3.5,5,3.7,,Scott,,0,0,0,0,0,0,0,0,0,0,0,0,0,0,0,0,0,0,0,0,0,0,0,0,0,0,0,0,0,0,0,0,0,0,0,0,0
Taco Villa,Carnitas,8/25/17,,,,3.5,3.5,0,5.99,2,,,20,21.5,0.74,2,2.5,4,3,4,3.5,3,3,5,3.8,,Scott,,0,0,0,0,0,0,0,0,0,0,0,0,0,0,0,0,0,0,0,0,0,0,0,0,0,0,0,0,0,0,0,0,0,0,0,0,0
Taco Villa,Carne asada,8/25/17,,,,3.5,3.5,0,6.99,3.5,,,,,,4,4,4,4.5,4,3.5,4,4,4,4.3,,Nuttida,,0,0,0,0,0,0,0,0,0,0,0,0,0,0,0,0,0,0,0,0,0,0,0,0,0,0,0,0,0,0,0,0,0,0,0,0,0
Tacos La Bala,Pastor,9/5/16,Houston,5800 Bellaire Blvd,tacoslabala.com,4.5,4.1,0,4.99,3.5,,,,,,2.5,2.5,4,2.5,1,1,2,4,0,2.5,No,Scott,Everything is in spanish. Get a taco or sope,0,1,0,0,0,0,0,0,0,0,0,0,0,0,0,0,0,0,0,0,0,0,0,0,0,0,0,0,0,0,0,0,0,0,0,0,0
Tacos La Bala,Barbacoa ,9/5/16,,,,4.5,4.1,0,4.99,2.5,,,16.5,22,0.64,2,2.5,3.5,2,3,2.5,2,2.5,2.5,2.4,No,Emily,"Burritos cut in half, felt like a wrap instead of a burrito",0,1,0,0,0,0,0,0,0,0,0,0,0,0,0,0,0,0,0,0,0,0,0,0,0,0,0,0,0,0,0,0,0,0,0,0,0
Tacos por favor,Carne asada,6/11/16,Santa Monica,1408 Olympic Blvd,https://www.yelp.com/biz/el-dorado-mexican-food-temecula,4,4.1,1,7.85,3,,,16.5,20.5,0.55,3,4.5,4.5,3.5,3.5,3.5,1,4,1,3.5,Yes,Scott,,0,1,1,1,1,0,0,0,0,0,0,0,1,1,0,0,0,0,0,0,0,0,0,0,0,0,0,0,0,0,0,0,0,0,0,0,0
Tacos por favor,Al pastor,6/11/16,,,,4,4.1,0,6.85,4,,,15.5,21,0.54,3,5,4,3,5,4,3,4,3,4,Yes,Christian,,0,1,0,1,0,0,0,0,1,0,0,0,1,1,0,0,0,0,0,0,0,0,0,0,0,0,0,0,0,0,0,0,0,0,0,0,0
Tacos por favor,Carne asada,6/11/16,,,,4,4.1,0,6.85,4,,,18,,,4,5,3.5,3,4,4,3,3,3,3.5,,Sam H,,0,1,1,1,0,0,0,0,0,0,0,0,1,1,0,0,0,0,0,0,0,0,0,0,0,0,0,0,0,0,0,0,0,0,0,0,0
Tony's Fresh Mexican Food,Chile verde pork,2/11/16,Miramar,7122 Miramar Rd,https://www.yelp.com/biz/tonys-fresh-mexican-food-san-diego,3,4.1,1,6.95,2,,,,,,3,4,4,3,4,4,1,2,1,3,,Marc,,0,0,0,1,0,0,1,0,1,0,0,0,1,1,0,0,0,1,0,0,0,0,0,0,0,0,0,0,0,0,0,0,0,0,0,0,0
Tony's Fresh Mexican Food,California,2/11/16,,,,3,4.1,0,6.25,3.5,,,,,,3,3.5,3.5,4,2,3.5,1,4,4,3.9,,Scott,,0,0,1,1,0,1,1,0,0,0,0,1,0,0,0,0,0,0,0,0,0,0,0,0,0,0,0,0,0,0,0,0,0,0,0,0,0
Tony's Fresh Mexican Food,battered fish ,2/11/16,,,,3,4.1,0,6.99,3,,,,,,3,1,1.5,2.5,4,4,3,4.5,5,2,,Nicole,,0,0,0,0,0,0,0,0,0,0,0,1,0,0,0,0,0,0,1,1,0,0,0,0,0,0,0,0,0,0,0,0,0,0,0,0,0
Tony's Fresh Mexican Food,California,2/11/16,,,,3,4.1,0,6.25,3,,,,,,4,,2,2,4,4,,3,4,2.75,,Cris,"to-go, no guac or sour cream, fries are a small and underdone",0,0,1,1,0,1,1,0,0,0,0,0,0,0,0,0,0,0,0,0,0,0,0,0,0,0,0,0,0,0,0,0,0,0,0,0,0
Valentines Mexican Food,California ,10/1/16,Downtown,1157 Sixth Ave,https://www.yelp.com/biz/valentines-mexican-food-san-diego-6,4,4,1,7.9,4,,,20,22,0.77,4,4,4,4,4.5,4,4,4,2.5,4.2,Yes,Scott,Best horchata. Fries are great. Chips are really good,0,0,1,1,1,1,1,0,0,0,0,0,0,0,0,0,0,0,0,0,0,0,0,0,0,0,0,0,0,0,0,0,0,0,0,0,0
Valentines Mexican Food,California Chipotle,10/1/16,,,,4,4,0,7.9,3,,,18.5,22,0.71,4,4,3.5,4.5,4,3.5,2.5,4,1.5,4,Yes,Emily,"Chips really good, really good but a little bit spicy chipotle. Very good horchata",0,0,1,1,1,1,1,0,0,0,0,0,0,0,0,0,0,0,0,1,0,0,0,0,0,0,0,0,0,0,0,0,0,0,0,0,0
Valentines Mexican Food,Carne asada,11/16/16,,,,4,4,0,6.75,3,,,18,21.5,0.66,4.5,4.7,4.5,3.5,4,4.5,4.5,3.5,5,4.2,Yes,Scott,,0,0,1,0,1,0,0,0,0,0,0,0,0,0,0,0,0,0,0,0,0,0,0,0,0,0,0,0,0,0,0,0,0,0,0,0,0
Valentines Mexican Food,Pork california,11/16/16,,,,4,4,0,7.9,4,,,19,22,0.73,5,5,4,5,5,3,4,5,3,5,Yes,Justin K,,0,0,0,0,0,0,0,0,0,0,0,0,0,0,0,0,0,0,0,0,0,0,0,0,0,0,0,0,0,0,0,0,0,0,0,0,0
Valentines Mexican Food,California,11/16/16,,,,4,4,0,7.9,4,,,20,22,0.77,3,5,5,4,5,4,3,5,2,4.5,Yes,Shreejoy,,0,0,0,0,0,0,0,0,0,0,0,0,0,0,0,0,0,0,0,0,0,0,0,0,0,0,0,0,0,0,0,0,0,0,0,0,0
Valentines Mexican Food,California,11/16/16,,,,4,4,0,7.9,4,,,20,21.5,0.74,4,4,3,4,4,4,3,3,4,4,Yes,@synapticlee,,0,0,0,0,0,0,0,0,0,0,0,0,0,0,0,0,0,0,0,0,0,0,0,0,0,0,0,0,0,0,0,0,0,0,0,0,0
Valentines Mexican Food,California,11/16/16,,,,4,4,0,7.9,3.5,,,,,,4,3.5,4.7,4,4.5,4.5,4.5,4,3.5,4.7,Yes,@danjlurie,,0,0,0,0,0,0,0,0,0,0,0,0,0,0,0,0,0,0,0,0,0,0,0,0,0,0,0,0,0,0,0,0,0,0,0,0,0
Valentines Mexican Food,Carne asada,8/7/17,,,,4,4,0,6.75,4,,,19.5,21,0.68,4,4.5,3.5,3.5,4.5,4.5,3,3.5,4,3.9,,Scott,,0,0,0,0,0,0,0,0,0,0,0,0,0,0,0,0,0,0,0,0,0,0,0,0,0,0,0,0,0,0,0,0,0,0,0,0,0
Valentines Mexican Food,California,8/7/17,,,,4,4,0,7.9,4,,,22,25,1.09,4,5,5,5,5,5,5,4,3.5,4.8,,Simon,,1,0,0,0,0,0,0,0,0,0,0,0,0,0,0,0,0,0,0,0,0,0,0,0,0,0,0,0,0,0,0,0,0,0,0,0,0
Vallarta express,Quesaburro,3/21/16,Clairemont,4277 Genesee Ave,http://www.vallartaexpress.com/menu/,3.5,4,0,6.95,3.5,,,,,,3,4,3.5,4,4,4,3.5,4.5,4.5,4.1,,Scott,,0,0,1,1,1,1,0,0,0,0,0,0,0,0,0,0,0,0,0,0,0,0,0,0,0,0,0,0,0,0,0,0,0,0,0,0,0
Vallarta express,Philly ,3/21/16,,,,3.5,4,0,6.95,4,,,,,,3,4.5,4,3,3,2,4,2,4.5,3,,Torben,Guac chips have lots of cheese,0,0,1,0,0,1,0,0,0,0,0,0,0,0,0,0,0,0,0,0,1,0,0,0,0,0,0,0,0,0,0,1,1,0,0,0,0
Vallarta express,Carne asada,3/21/16,,,,3.5,4,0,6.5,3.5,,,,,,3.75,5,3,3,4.5,4.5,3.5,3,4.5,3.25,,Ricardo,,0,0,1,1,1,0,0,0,0,0,0,0,0,0,0,0,0,0,0,0,0,0,0,0,0,0,0,0,0,0,0,0,0,0,0,0,0
Vallarta express,Quesa,3/21/16,,,,3.5,4,0,6.95,4.5,,,,,,2,5,3.5,4,2.5,5,3.5,2.5,4,3.75,,Alex,Heart-stopping amount of cheese. Second tortilla of cheese,0,0,1,1,1,1,0,0,0,1,0,0,0,0,0,0,0,0,0,0,0,0,0,0,0,0,0,0,0,0,0,0,0,0,0,0,0
Vallarta express,Surf and turf,3/21/16,,,,3.5,4,0,7.65,3,,,,,,2,4,3,3,4,2,4,2,3,3.5,,Richard,Hot carrots,0,0,1,0,1,0,0,1,0,0,1,0,1,1,0,0,0,0,0,0,0,0,0,0,0,0,0,0,0,0,0,0,0,0,0,0,0
Vallarta express,Mahi,3/21/16,,,,3.5,4,0,7.3,3,,,,,,3,4.5,3.5,3,3,2,3.5,2.5,4.5,3.5,,Tom,,0,0,0,0,0,0,0,0,0,0,0,0,0,0,0,0,0,0,0,0,0,0,0,0,0,0,0,0,0,0,0,0,0,0,0,0,0
Vallarta express,Fish,4/15/16,,,,3.5,4,0,6.5,2.5,,,,,,3,,3.5,4,4,3,,4,1.5,3.5,,Erin,,0,0,0,0,0,0,0,0,0,0,0,0,0,0,0,0,0,0,0,0,0,0,0,0,0,0,0,0,0,0,0,0,0,0,0,0,0
Vallarta express,California,4/15/16,,,,3.5,4,0,6.65,3.5,,,,,,3.5,,3.5,3.5,4.5,3.5,3.5,4,4,4,,Ricardo,,0,0,0,0,0,0,0,0,0,0,0,0,0,0,0,0,0,0,0,0,0,0,0,0,0,0,0,0,0,0,0,0,0,0,0,0,0
Vallarta express,California,5/9/16,,,,3.5,4,0,6.95,4,,,21,23,0.88,3,3.5,2,3.5,3,2.5,2.5,2.5,2,2.9,No,Scott,,0,0,0,0,0,0,0,0,0,0,0,0,0,0,0,0,0,0,0,0,0,0,0,0,0,0,0,0,0,0,0,0,0,0,0,0,0
Vallarta Express,California,3/16/17,,,,3.5,4,0,7.5,4,,,,,,3,,4,4,3,5,3,4,5,4.1,,Erik,,0,0,0,0,0,0,0,0,0,0,0,0,0,0,0,0,0,0,0,0,0,0,0,0,0,0,0,0,0,0,0,0,0,0,0,0,0
Vallarta Express,Surf & Turf,6/24/17,,,,3.5,4,0,8.55,3,610,0.726190476,20,23,0.84,3,2.5,3,3,3.5,2.8,3.5,2.8,1.5,3,,Scott,,0,0,0,0,0,0,0,0,0,0,0,0,0,0,0,0,0,0,0,0,0,0,0,0,0,0,0,0,0,0,0,0,0,0,0,0,0
Vallarta Express,California,6/24/17,,,,3.5,4,0,7.8,2.5,620,0.632653061,20.5,24.5,0.98,3,2,3.5,3,3,4,3,3.8,4.5,3.5,,Emily,,0,0,0,0,0,0,0,0,0,0,0,0,0,0,0,0,0,0,0,0,0,0,0,0,0,0,0,0,0,0,0,0,0,0,0,0,0
Vallarta Express,California,8/9/17,,,,3.5,4,0,8.35,4.5,,,21,23,0.88,3,3,4,3,4,2.5,4,4.5,4,4.1,,Scott,,0,0,0,0,0,0,0,0,0,0,0,0,0,0,0,0,0,0,0,0,0,0,0,0,0,0,0,0,0,0,0,0,0,0,0,0,0